YEAR,WEEK,Arapuni,Aratiatia,Atiamuri,Aviemore,Benmore,Clyde_220kV,Cobb,Coleridge,Huntly_e3p,Huntly_main_g1,Huntly_main_g2,Huntly_main_g4,Huntly_peaker,Junction_Road,Karapiro,Manapouri,Mangahao,Maraetai,Matahina,McKee_peakers,NI_Whirinaki_220KV,Ohakuri,Ohau_A,Ohau_B,Ohau_C,Rangipo,Roxburgh,Stratford_220KV,Stratford_peakers,Tekapo_A,Tekapo_B,Tokaanu,Waikaremoana,Waipapa,Waitaki,Whakamaru
2010,1,0,0,0,0,0,0,0,0,0,0,0,0,0,0,0,0,0,0,0,0,0,0,0,0,0,0,0,0,0,0,0,0,0,0,0,0
2010,2,0,0,0,0,0,0,0,0,0,0,0,0,0,0,0,0,0,0,0,0,0,0,0,0,0,0,0,0,0,0,0,0,0,0,0,0
2010,3,0,0,0,0,0,0,0,0,0,0,0,0,0,0,0,0,0,0,0,0,0,0,0,0,0,0,0,0,0,0,0,0,0,0,0,0
2010,4,0,0,0,0,0,0,0,0,0,0,0,0,0,0,0,0,0,0,0,0,0,0,0,0,0,0,0,0,0,0,0,0,0,0,0,0
2010,5,0,0,0,0,0,0,0,0,0,0,0,0,0,0,0,0,0,0,0,0,0,0,0,0,0,0,0,0,0,0,0,0,0,0,0,0
2010,6,0,0,0,0,0,0,0,0,0,0,0,0,0,0,0,0,0,0,0,0,0,0,0,0,0,0,0,0,0,0,0,0,0,0,0,0
2010,7,0,0,0,0,0,0,0,0,0,0,0,0,0,0,0,0,0,0,0,0,0,0,0,0,0,0,0,0,0,0,0,0,0,0,0,0
2010,8,0,0,0,0,0,0,0,0,0,0,0,0,0,0,0,0,0,0,0,0,0,0,0,0,0,0,0,0,0,0,0,0,0,0,0,0
2010,9,0,0,0,0,0,0,0,0,0,0,0,0,0,0,0,0,0,0,0,0,0,0,0,0,0,0,0,0,0,0,0,0,0,0,0,0
2010,10,0,0,0,0,0,0,0,0,0,0,0,0,0,0,0,0,0,0,0,0,0,0,0,0,0,0,0,0,0,0,0,0,0,0,0,0
2010,11,0,0,0,0,0,0,0,0,0,0,0,0,0,0,0,0,0,0,0,0,0,0,0,0,0,0,0,0,0,0,0,0,0,0,0,0
2010,12,0,0,0,0,0,0,0,0,0,0,0,0,0,0,0,0,0,0,0,0,0,0,0,0,0,0,0,0,0,0,0,0,0,0,0,0
2010,13,0,0,0,0,0,0,0,0,0,0,0,0,0,0,0,0,0,0,0,0,0,0,0,0,0,0,0,0,0,0,0,0,0,0,0,0
2010,14,0,0,0,0,0,0,0,0,0,0,0,0,0,0,0,0,0,0,0,0,0,0,0,0,0,0,0,0,0,0,0,0,0,0,0,0
2010,15,0,0,0,0,0,0,0,0,0,0,0,0,0,0,0,0,0,0,0,0,0,0,0,0,0,0,0,0,0,0,0,0,0,0,0,0
2010,16,0,0,0,0,0,0,0,0,0,0,0,0,0,0,0,0,0,0,0,0,0,0,0,0,0,0,0,0,0,0,0,0,0,0,0,0
2010,17,0,0,0,0,0,0,0,0,0,0,0,0,0,0,0,0,0,0,0,0,0,0,0,0,0,0,0,0,0,0,0,0,0,0,0,0
2010,18,0,0,0,0,0,0,0,0,0,0,0,0,0,0,0,0,0,0,0,0,0,0,0,0,0,0,0,0,0,0,0,0,0,0,0,0
2010,19,0,0,0,0,0,0,0,0,0,0,0,0,0,0,0,0,0,0,0,0,0,0,0,0,0,0,0,0,0,0,0,0,0,0,0,0
2010,20,0,0,0,0,0,0,0,0,0,0,0,0,0,0,0,0,0,0,0,0,0,0,0,0,0,0,0,0,0,0,0,0,0,0,0,0
2010,21,0,0,0,0,0,0,0,0,0,0,0,0,0,0,0,0,0,0,0,0,0,0,0,0,0,0,0,0,0,0,0,0,0,0,0,0
2010,22,0,0,0,0,0,0,0,0,0,0,0,0,0,0,0,0,0,0,0,0,0,0,0,0,0,0,0,0,0,0,0,0,0,0,0,0
2010,23,0,0,0,0,0,0,0,0,0,0,0,0,0,0,0,0,0,0,0,0,0,0,0,0,0,0,0,0,0,0,0,0,0,0,0,0
2010,24,0,0,0,0,0,0,0,0,0,0,0,0,0,0,0,0,0,0,0,0,0,0,0,0,0,0,0,0,0,0,0,0,0,0,0,0
2010,25,0,0,0,0,0,0,0,0,0,0,0,0,0,0,0,0,0,0,0,0,0,0,0,0,0,0,0,0,0,0,0,0,0,0,0,0
2010,26,0,0,0,0,0,0,0,0,0,0,0,0,0,0,0,0,0,0,0,0,0,0,0,0,0,0,0,0,0,0,0,0,0,0,0,0
2010,27,0,0,0,0,0,0,0,0,0,0,0,0,0,0,0,0,0,0,0,0,0,0,0,0,0,0,0,0,0,0,0,0,0,0,0,0
2010,28,1,0,0,0,0,0,0,0,0,0,0,0,0,0,0,0,0,0,0,0,0,0,0,0,0,0,0,0,0,0,0,0,0,0,0,0
2010,29,0,0,0,0,0,0,0,0,0,0,0,0,0,0,0,0,0,0,0,0,0,0,0,0,0,0,0,0,0,0,0,0,0,0,0,0
2010,30,0,0,0,0,0,0,0,0,0,0,0,0,0,0,0,0,0,0,0,0,0,0,0,0,0,0,0,0,0,0,0,0,0,0,0,0
2010,31,0,0,0,0,0,0,0,0,0,0,0,0,0,0,0,0,0,0,0,0,0,0,0,0,0,0,0,0,0,0,0,0,0,0,0,0
2010,32,0,0,0,0,0,0,0,0,0,0,0,0,0,0,0,0,0,0,0,0,0,0,0,0,0,0,0,0,0,0,0,0,0,0,0,0
2010,33,0,0,0,0,0,0,0,0,0,0,0,0,0,0,0,0,0,0,0,0,0,0,0,0,0,0,0,0,0,0,0,0,0,0,0,0
2010,34,0,0,0,0,0,0,0,0,0,0,0,0,0,0,0,0,0,0,0,0,0,0,0,0,0,0,0,0,0,0,0,0,0,0,0,0
2010,35,0,0,0,0,0,0,0,0,0,0,0,0,0,0,0,0,0,0,0,0,0,0,0,0,0,0,0,0,0,0,0,0,0,0,0,0
2010,36,0,0,0,0,0,0,0,0,0,0,0,0,0,0,0,0,0,0,0,0,0,0,0,0,0,0,0,0,0,0,0,0,0,0,0,0
2010,37,0,0,0,0,0,0,0,0,0,0,0,0,0,0,0,0,0,0,0,0,0,0,0,0,0,0,0,0,0,0,0,0,0,0,0,0
2010,38,0,0,0,0,0,0,0,0,0,0,0,0,0,0,0,0,0,0,0,0,0,0,0,0,0,0,0,0,0,0,0,0,0,0,0,0
2010,39,0,0,0,0,0,0,0,0,0,0,0,0,0,0,0,0,0,0,0,0,0,0,0,0,0,0,0,0,0,0,0,0,0,0,0,0
2010,40,0,0,0,0,0,0,0,0,0,0,0,0,0,0,0,0,0,0,0,0,0,0,0,0,0,0,0,0,0,0,0,0,0,0,0,0
2010,41,0,0,0,0,0,0,0,0,0,0,0,0,0,0,0,0,0,0,0,0,0,0,0,0,0,0,0,0,0,0,0,0,0,0,0,0
2010,42,0,0,0,0,0,0,0,0,0,0,0,0,0,0,0,0,0,0,0,0,0,0,0,0,0,0,0,0,0,0,0,0,0,0,0,0
2010,43,0,0,0,0,0,0,0,0,0,0,0,0,0,0,0,0,0,0,0,0,0,0,0,0,0,0,0,0,0,0,0,0,0,0,0,0
2010,44,0,0,0,0,0,0,0,0,0,0,0,0,0,0,0,0,0,0,0,0,0,0,0,0,0,0,0,0,0,0,0,0,0,0,0,0
2010,45,0,0,0,0,0,0,0,0,0,0,0,0,0,0,0,0,0,0,0,0,0,0,0,0,0,0,0,0,0,0,0,0,0,0,0,0
2010,46,0,0,0,0,0,0,0,0,0,0,0,0,0,0,0,0,0,0,0,0,0,0,0,0,0,0,0,0,0,0,0,0,0,0,0,0
2010,47,0,0,0,0,0,0,0,0,0,0,0,0,0,0,0,0,0,0,0,0,0,0,0,0,0,0,0,0,0,0,0,0,0,0,0,0
2010,48,0,0,0,0,0,0,0,0,0,0,0,0,0,0,0,0,0,0,0,0,0,0,0,0,0,0,0,0,0,0,0,0,0,0,0,0
2010,49,0,0,0,0,0,0,0,0,0,0,0,0,0,0,0,0,0,0,0,0,0,0,0,0,0,0,0,0,0,0,0,0,0,0,0,0
2010,50,0,0,0,0,0,0,0,0,0,0,0,0,0,0,0,0,0,0,0,0,0,0,0,0,0,0,0,0,0,0,0,0,0,0,0,0
2010,51,0,0,0,0,0,0,0,0,0,0,0,0,0,0,0,0,0,0,0,0,0,0,0,0,0,0,0,0,0,0,0,0,0,0,0,0
2010,52,0,0,0,0,0,0,0,0,0,0,0,0,0,0,0,0,0,0,0,0,0,0,0,0,0,0,0,0,0,0,0,0,0,0,0,0
2011,1,0,0,0,0,0,0,0,0,0,0,0,0,0,0,0,0,0,0,0,0,0,0,0,0,0,0,0,0,0,0,0,0,0,0,0,0
2011,2,0,0,0,0,0,0,0,0,0,0,0,0,0,0,0,0,0,0,0,0,0,0,0,0,0,0,0,0,0,0,0,0,0,0,0,0
2011,3,0,0,0,0,0,0,0,0,0,0,0,0,0,0,0,0,0,0,0,0,0,0,0,0,0,0,0,0,0,0,0,0,0,0,0,0
2011,4,0,0,0,0,0,0,0,0,0,0,0,0,0,0,0,0,0,0,0,0,0,0,0,0,0,0,0,0,0,0,0,0,0,0,0,0
2011,5,0,0,0,0,0,0,0,0,0,0,0,0,0,0,0,0,0,0,0,0,0,0,0,0,0,0,0,0,0,0,0,0,0,0,0,0
2011,6,0,0,0,0,0,0,0,0,0,0,0,0,0,0,0,0,0,0,0,0,0,0,0,0,0,0,0,0,0,0,0,0,0,0,0,0
2011,7,0,0,0,0,0,0,0,0,0,0,0,0,0,0,0,0,0,0,0,0,0,0,0,0,0,0,0,0,0,0,0,0,0,0,0,0
2011,8,0,0,0,0,0,0,0,0,0,0,0,0,0,0,0,0,0,0,0,0,0,0,0,0,0,0,0,0,0,0,0,0,0,0,0,0
2011,9,0,0,0,0,0,0,0,0,0,0,0,0,0,0,0,0,0,0,0,0,0,0,0,0,0,0,0,0,0,0,0,0,0,0,0,0
2011,10,0,0,0,0,0,0,0,0,0,0,0,0,0,0,0,0,0,0,0,0,0,0,0,0,0,0,0,0,0,0,0,0,0,0,0,0
2011,11,0,0,0,0,0,0,0,0,0,0,0,0,0,0,0,0,0,0,0,0,0,0,0,0,0,0,0,0,0,0,0,0,0,0,0,0
2011,12,0,0,0,0,0,0,0,0,0,0,0,0,0,0,0,0,0,0,0,0,0,0,0,0,0,0,0,0,0,0,0,0,0,0,0,0
2011,13,0,0,0,0,0,0,0,0,0,0,0,0,0,0,0,0,0,0,0,0,0,0,0,0,0,0,0,0,0,0,0,0,0,0,0,0
2011,14,0,0,0,0,0,0,0,0,0,0,0,0,0,0,0,0,0,0,0,0,0,0,0,0,0,0,0,0,0,0,0,0,0,0,0,0
2011,15,0,0,0,0,0,0,0,0,0,0,0,0,0,0,0,0,0,0,0,0,0,0,0,0,0,0,0,0,0,0,0,0,0,0,0,0
2011,16,0,0,0,0,0,0,0,0,0,0,0,0,0,0,0,0,0,0,0,0,0,0,0,0,0,0,0,0,0,0,0,0,0,0,0,0
2011,17,0,0,0,0,0,0,0,0,0,0,0,0,0,0,0,0,0,0,0,0,0,0,0,0,0,0,0,0,0,0,0,0,0,0,0,0
2011,18,0,0,0,0,0,0,0,0,0,0,0,0,0,0,0,0,0,0,0,0,0,0,0,0,0,0,0,0,0,0,0,0,0,0,0,0
2011,19,0,0,0,0,0,0,0,0,0,0,0,0,0,0,0,0,0,0,0,0,0,0,0,0,0,0,0,0,0,0,0,0,0,0,0,0
2011,20,0,0,0,0,0,0,0,0,0,0,0,0,0,0,0,0,0,0,0,0,0,0,0,0,0,0,0,0,0,0,0,0,0,0,0,0
2011,21,0,0,0,0,0,0,0,0,0,0,0,0,0,0,0,0,0,0,0,0,0,0,0,0,0,0,0,0,0,0,0,0,0,0,0,0
2011,22,0,0,0,0,0,0,0,0,0,0,0,0,0,0,0,0,0,0,0,0,0,0,0,0,0,0,0,0,0,0,0,0,0,0,0,0
2011,23,0,0,0,0,0,0,0,0,0,0,0,0,0,0,0,0,0,0,0,0,0,0,0,0,0,0,0,0,0,0,0,0,0,0,0,0
2011,24,0,0,0,0,0,0,0,0,0,0,0,0,0,0,0,0,0,0,0,0,0,0,0,0,0,0,0,0,0,0,0,0,0,0,0,0
2011,25,0,0,0,0,0,0,0,0,0,0,0,0,0,0,0,0,0,0,0,0,0,0,0,0,0,0,0,0,0,0,0,0,0,0,0,0
2011,26,0,0,0,0,0,0,0,0,0,0,0,0,0,0,0,0,0,0,0,0,0,0,0,0,0,0,0,0,0,0,0,0,0,0,0,0
2011,27,0,0,0,0,0,0,0,0,0,0,0,0,0,0,0,0,0,0,0,0,0,0,0,0,0,0,0,0,0,0,0,0,0,0,0,0
2011,28,1,0,0,0,0,0,0,0,0,0,0,0,0,0,0,0,0,0,0,0,0,0,0,0,0,0,0,0,0,0,0,0,0,0,0,0
2011,29,0,0,0,0,0,0,0,0,0,0,0,0,0,0,0,0,0,0,0,0,0,0,0,0,0,0,0,0,0,0,0,0,0,0,0,0
2011,30,0,0,0,0,0,0,0,0,0,0,0,0,0,0,0,0,0,0,0,0,0,0,0,0,0,0,0,0,0,0,0,0,0,0,0,0
2011,31,0,0,0,0,0,0,0,0,0,0,0,0,0,0,0,0,0,0,0,0,0,0,0,0,0,0,0,0,0,0,0,0,0,0,0,0
2011,32,0,0,0,0,0,0,0,0,0,0,0,0,0,0,0,0,0,0,0,0,0,0,0,0,0,0,0,0,0,0,0,0,0,0,0,0
2011,33,0,0,0,0,0,0,0,0,0,0,0,0,0,0,0,0,0,0,0,0,0,0,0,0,0,0,0,0,0,0,0,0,0,0,0,0
2011,34,0,0,0,0,0,0,0,0,0,0,0,0,0,0,0,0,0,0,0,0,0,0,0,0,0,0,0,0,0,0,0,0,0,0,0,0
2011,35,0,0,0,0,0,0,0,0,0,0,0,0,0,0,0,0,0,0,0,0,0,0,0,0,0,0,0,0,0,0,0,0,0,0,0,0
2011,36,0,0,0,0,0,0,0,0,0,0,0,0,0,0,0,0,0,0,0,0,0,0,0,0,0,0,0,0,0,0,0,0,0,0,0,0
2011,37,0,0,0,0,0,0,0,0,0,0,0,0,0,0,0,0,0,0,0,0,0,0,0,0,0,0,0,0,0,0,0,0,0,0,0,0
2011,38,0,0,0,0,0,0,0,0,0,0,0,0,0,0,0,0,0,0,0,0,0,0,0,0,0,0,0,0,0,0,0,0,0,0,0,0
2011,39,0,0,0,0,0,0,0,0,0,0,0,0,0,0,0,0,0,0,0,0,0,0,0,0,0,0,0,0,0,0,0,0,0,0,0,0
2011,40,0,0,0,0,0,0,0,0,0,0,0,0,0,0,0,0,0,0,0,0,0,0,0,0,0,0,0,0,0,0,0,0,0,0,0,0
2011,41,0,0,0,0,0,0,0,0,0,0,0,0,0,0,0,0,0,0,0,0,0,0,0,0,0,0,0,0,0,0,0,0,0,0,0,0
2011,42,0,0,0,0,0,0,0,0,0,0,0,0,0,0,0,0,0,0,0,0,0,0,0,0,0,0,0,0,0,0,0,0,0,0,0,0
2011,43,0,0,0,0,0,0,0,0,0,0,0,0,0,0,0,0,0,0,0,0,0,0,0,0,0,0,0,0,0,0,0,0,0,0,0,0
2011,44,0,0,0,0,0,0,0,0,0,0,0,0,0,0,0,0,0,0,0,0,0,0,0,0,0,0,0,0,0,0,0,0,0,0,0,0
2011,45,0,0,0,0,0,0,0,0,0,0,0,0,0,0,0,0,0,0,0,0,0,0,0,0,0,0,0,0,0,0,0,0,0,0,0,0
2011,46,0,0,0,0,0,0,0,0,0,0,0,0,0,0,0,0,0,0,0,0,0,0,0,0,0,0,0,0,0,0,0,0,0,0,0,0
2011,47,0,0,0,0,0,0,0,0,0,0,0,0,0,0,0,0,0,0,0,0,0,0,0,0,0,0,0,0,0,0,0,0,0,0,0,0
2011,48,0,0,0,0,0,0,0,0,0,0,0,0,0,0,0,0,0,0,0,0,0,0,0,0,0,0,0,0,0,0,0,0,0,0,0,0
2011,49,0,0,0,0,0,0,0,0,0,0,0,0,0,0,0,0,0,0,0,0,0,0,0,0,0,0,0,0,0,0,0,0,0,0,0,0
2011,50,0,0,0,0,0,0,0,0,0,0,0,0,0,0,0,0,0,0,0,0,0,0,0,0,0,0,0,0,0,0,0,0,0,0,0,0
2011,51,0,0,0,0,0,0,0,0,0,0,0,0,0,0,0,0,0,0,0,0,0,0,0,0,0,0,0,0,0,0,0,0,0,0,0,0
2011,52,0,0,0,0,0,0,0,0,0,0,0,0,0,0,0,0,0,0,0,0,0,0,0,0,0,0,0,0,0,0,0,0,0,0,0,0
2012,1,0,0,0,0,0,0,0,0,0,0,0,0,0,0,0,0,0,0,0,0,0,0,0,0,0,0,0,0,0,0,0,0,0,0,0,0
2012,2,0,0,0,0,0,0,0,0,0,0,0,0,0,0,0,0,0,0,0,0,0,0,0,0,0,0,0,0,0,0,0,0,0,0,0,0
2012,3,0,0,0,0,0,0,0,0,0,0,0,0,0,0,0,0,0,0,0,0,0,0,0,0,0,0,0,0,0,0,0,0,0,0,0,0
2012,4,0,0,0,0,0,0,0,0,0,0,0,0,0,0,0,0,0,0,0,0,0,0,0,0,0,0,0,0,0,0,0,0,0,0,0,0
2012,5,0,0,0,0,0,0,0,0,0,0,0,0,0,0,0,0,0,0,0,0,0,0,0,0,0,0,0,0,0,0,0,0,0,0,0,0
2012,6,0,0,0,0,0,0,0,0,0,0,0,0,0,0,0,0,0,0,0,0,0,0,0,0,0,0,0,0,0,0,0,0,0,0,0,0
2012,7,0,0,0,0,0,0,0,0,0,0,0,0,0,0,0,0,0,0,0,0,0,0,0,0,0,0,0,0,0,0,0,0,0,0,0,0
2012,8,0,0,0,0,0,0,0,0,0,0,0,0,0,0,0,0,0,0,0,0,0,0,0,0,0,0,0,0,0,0,0,0,0,0,0,0
2012,9,0,0,0,0,0,0,0,0,0,0,0,0,0,0,0,0,0,0,0,0,0,0,0,0,0,0,0,0,0,0,0,0,0,0,0,0
2012,10,0,0,0,0,0,0,0,0,0,0,0,0,0,0,0,0,0,0,0,0,0,0,0,0,0,0,0,0,0,0,0,0,0,0,0,0
2012,11,0,0,0,0,0,0,0,0,0,0,0,0,0,0,0,0,0,0,0,0,0,0,0,0,0,0,0,0,0,0,0,0,0,0,0,0
2012,12,0,0,0,0,0,0,0,0,0,0,0,0,0,0,0,0,0,0,0,0,0,0,0,0,0,0,0,0,0,0,0,0,0,0,0,0
2012,13,0,0,0,0,0,0,0,0,0,0,0,0,0,0,0,0,0,0,0,0,0,0,0,0,0,0,0,0,0,0,0,0,0,0,0,0
2012,14,0,0,0,0,0,0,0,0,0,0,0,0,0,0,0,0,0,0,0,0,0,0,0,0,0,0,0,0,0,0,0,0,0,0,0,0
2012,15,0,0,0,0,0,0,0,0,0,0,0,0,0,0,0,0,0,0,0,0,0,0,0,0,0,0,0,0,0,0,0,0,0,0,0,0
2012,16,0,0,0,0,0,0,0,0,0,0,0,0,0,0,0,0,0,0,0,0,0,0,0,0,0,0,0,0,0,0,0,0,0,0,0,0
2012,17,0,0,0,0,0,0,0,0,0,0,0,0,0,0,0,0,0,0,0,0,0,0,0,0,0,0,0,0,0,0,0,0,0,0,0,0
2012,18,0,0,0,0,0,0,0,0,0,0,0,0,0,0,0,0,0,0,0,0,0,0,0,0,0,0,0,0,0,0,0,0,0,0,0,0
2012,19,0,0,0,0,0,0,0,0,0,0,0,0,0,0,0,0,0,0,0,0,0,0,0,0,0,0,0,0,0,0,0,0,0,0,0,0
2012,20,0,0,0,0,0,0,0,0,0,0,0,0,0,0,0,0,0,0,0,0,0,0,0,0,0,0,0,0,0,0,0,0,0,0,0,0
2012,21,0,0,0,0,0,0,0,0,0,0,0,0,0,0,0,0,0,0,0,0,0,0,0,0,0,0,0,0,0,0,0,0,0,0,0,0
2012,22,0,0,0,0,0,0,0,0,0,0,0,0,0,0,0,0,0,0,0,0,0,0,0,0,0,0,0,0,0,0,0,0,0,0,0,0
2012,23,0,0,0,0,0,0,0,0,0,0,0,0,0,0,0,0,0,0,0,0,0,0,0,0,0,0,0,0,0,0,0,0,0,0,0,0
2012,24,0,0,0,0,0,0,0,0,0,0,0,0,0,0,0,0,0,0,0,0,0,0,0,0,0,0,0,0,0,0,0,0,0,0,0,0
2012,25,0,0,0,0,0,0,0,0,0,0,0,0,0,0,0,0,0,0,0,0,0,0,0,0,0,0,0,0,0,0,0,0,0,0,0,0
2012,26,0,0,0,0,0,0,0,0,0,0,0,0,0,0,0,0,0,0,0,0,0,0,0,0,0,0,0,0,0,0,0,0,0,0,0,0
2012,27,0,0,0,0,0,0,0,0,0,0,0,0,0,0,0,0,0,0,0,0,0,0,0,0,0,0,0,0,0,0,0,0,0,0,0,0
2012,28,1,0,0,0,0,0,0,0,0,0,0,0,0,0,0,0,0,0,0,0,0,0,0,0,0,0,0,0,0,0,0,0,0,0,0,0
2012,29,0,0,0,0,0,0,0,0,0,0,0,0,0,0,0,0,0,0,0,0,0,0,0,0,0,0,0,0,0,0,0,0,0,0,0,0
2012,30,0,0,0,0,0,0,0,0,0,0,0,0,0,0,0,0,0,0,0,0,0,0,0,0,0,0,0,0,0,0,0,0,0,0,0,0
2012,31,0,0,0,0,0,0,0,0,0,0,0,0,0,0,0,0,0,0,0,0,0,0,0,0,0,0,0,0,0,0,0,0,0,0,0,0
2012,32,0,0,0,0,0,0,0,0,0,0,0,0,0,0,0,0,0,0,0,0,0,0,0,0,0,0,0,0,0,0,0,0,0,0,0,0
2012,33,0,0,0,0,0,0,0,0,0,0,0,0,0,0,0,0,0,0,0,0,0,0,0,0,0,0,0,0,0,0,0,0,0,0,0,0
2012,34,0,0,0,0,0,0,0,0,0,0,0,0,0,0,0,0,0,0,0,0,0,0,0,0,0,0,0,0,0,0,0,0,0,0,0,0
2012,35,0,0,0,0,0,0,0,0,0,0,0,0,0,0,0,0,0,0,0,0,0,0,0,0,0,0,0,0,0,0,0,0,0,0,0,0
2012,36,0,0,0,0,0,0,0,0,0,0,0,0,0,0,0,0,0,0,0,0,0,0,0,0,0,0,0,0,0,0,0,0,0,0,0,0
2012,37,0,0,0,0,0,0,0,0,0,0,0,0,0,0,0,0,0,0,0,0,0,0,0,0,0,0,0,0,0,0,0,0,0,0,0,0
2012,38,0,0,0,0,0,0,0,0,0,0,0,0,0,0,0,0,0,0,0,0,0,0,0,0,0,0,0,0,0,0,0,0,0,0,0,0
2012,39,0,0,0,0,0,0,0,0,0,0,0,0,0,0,0,0,0,0,0,0,0,0,0,0,0,0,0,0,0,0,0,0,0,0,0,0
2012,40,0,0,0,0,0,0,0,0,0,0,0,0,0,0,0,0,0,0,0,0,0,0,0,0,0,0,0,0,0,0,0,0,0,0,0,0
2012,41,0,0,0,0,0,0,0,0,0,0,0,0,0,0,0,0,0,0,0,0,0,0,0,0,0,0,0,0,0,0,0,0,0,0,0,0
2012,42,0,0,0,0,0,0,0,0,0,0,0,0,0,0,0,0,0,0,0,0,0,0,0,0,0,0,0,0,0,0,0,0,0,0,0,0
2012,43,0,0,0,0,0,0,0,0,0,0,0,0,0,0,0,0,0,0,0,0,0,0,0,0,0,0,0,0,0,0,0,0,0,0,0,0
2012,44,0,0,0,0,0,0,0,0,0,0,0,0,0,0,0,0,0,0,0,0,0,0,0,0,0,0,0,0,0,0,0,0,0,0,0,0
2012,45,0,0,0,0,0,0,0,0,0,0,0,0,0,0,0,0,0,0,0,0,0,0,0,0,0,0,0,0,0,0,0,0,0,0,0,0
2012,46,0,0,0,0,0,0,0,0,0,0,0,0,0,0,0,0,0,0,0,0,0,0,0,0,0,0,0,0,0,0,0,0,0,0,0,0
2012,47,0,0,0,0,0,0,0,0,0,0,0,0,0,0,0,0,0,0,0,0,0,0,0,0,0,0,0,0,0,0,0,0,0,0,0,0
2012,48,0,0,0,0,0,0,0,0,0,0,0,0,0,0,0,0,0,0,0,0,0,0,0,0,0,0,0,0,0,0,0,0,0,0,0,0
2012,49,0,0,0,0,0,0,0,0,0,0,0,0,0,0,0,0,0,0,0,0,0,0,0,0,0,0,0,0,0,0,0,0,0,0,0,0
2012,50,0,0,0,0,0,0,0,0,0,0,0,0,0,0,0,0,0,0,0,0,0,0,0,0,0,0,0,0,0,0,0,0,0,0,0,0
2012,51,0,0,0,0,0,0,0,0,0,0,0,0,0,0,0,0,0,0,0,0,0,0,0,0,0,0,0,0,0,0,0,0,0,0,0,0
2012,52,0,0,0,0,0,0,0,0,0,0,0,0,0,0,0,0,0,0,0,0,0,0,0,0,0,0,0,0,0,0,0,0,0,0,0,0
2013,1,0,0,0,0,0,0,0,0,0,0,0,0,0,0,0,0,0,0,0,0,0,0,0,0,0,0,0,0,0,0,0,0,0,0,0,0
2013,2,0,0,0,0,0,0,0,0,0,0,0,0,0,0,0,0,0,0,0,0,0,0,0,0,0,0,0,0,0,0,0,0,0,0,0,0
2013,3,0,0,0,0,0,0,0,0,0,0,0,0,0,0,0,0,0,0,0,0,0,0,0,0,0,0,0,0,0,0,0,0,0,0,0,0
2013,4,0,0,0,0,0,0,0,0,0,0,0,0,0,0,0,0,0,0,0,0,0,0,0,0,0,0,0,0,0,0,0,0,0,0,0,0
2013,5,0,0,0,0,0,0,0,0,0,0,0,0,0,0,0,0,0,0,0,0,0,0,0,0,0,0,0,0,0,0,0,0,0,0,0,0
2013,6,0,0,0,0,0,0,0,0,0,0,0,0,0,0,0,0,0,0,0,0,0,0,0,0,0,0,0,0,0,0,0,0,0,0,0,0
2013,7,0,0,0,0,0,0,0,0,0,0,0,0,0,0,0,0,0,0,0,0,0,0,0,0,0,0,0,0,0,0,0,0,0,0,0,0
2013,8,0,0,0,0,0,0,0,0,0,0,0,0,0,0,0,0,0,0,0,0,0,0,0,0,0,0,0,0,0,0,0,0,0,0,0,0
2013,9,0,0,0,0,0,0,0,0,0,0,0,0,0,0,0,0,0,0,0,0,0,0,0,0,0,0,0,0,0,0,0,0,0,0,0,0
2013,10,0,0,0,0,0,0,0,0,0,0,0,0,0,0,0,0,0,0,0,0,0,0,0,0,0,0,0,0,0,0,0,0,0,0,0,0
2013,11,0,0,0,0,0,0,0,0,0,0,0,0,0,0,0,0,0,0,0,0,0,0,0,0,0,0,0,0,0,0,0,0,0,0,0,0
2013,12,0,0,0,0,0,0,0,0,0,0,0,0,0,0,0,0,0,0,0,0,0,0,0,0,0,0,0,0,0,0,0,0,0,0,0,0
2013,13,0,0,0,0,0,0,0,0,0,0,0,0,0,0,0,0,0,0,0,0,0,0,0,0,0,0,0,0,0,0,0,0,0,0,0,0
2013,14,0,0,0,0,0,0,0,0,0,0,0,0,0,0,0,0,0,0,0,0,0,0,0,0,0,0,0,0,0,0,0,0,0,0,0,0
2013,15,0,0,0,0,0,0,0,0,0,0,0,0,0,0,0,0,0,0,0,0,0,0,0,0,0,0,0,0,0,0,0,0,0,0,0,0
2013,16,0,0,0,0,0,0,0,0,0,0,0,0,0,0,0,0,0,0,0,0,0,0,0,0,0,0,0,0,0,0,0,0,0,0,0,0
2013,17,0,0,0,0,0,0,0,0,0,0,0,0,0,0,0,0,0,0,0,0,0,0,0,0,0,0,0,0,0,0,0,0,0,0,0,0
2013,18,0,0,0,0,0,0,0,0,0,0,0,0,0,0,0,0,0,0,0,0,0,0,0,0,0,0,0,0,0,0,0,0,0,0,0,0
2013,19,0,0,0,0,0,0,0,0,0,0,0,0,0,0,0,0,0,0,0,0,0,0,0,0,0,0,0,0,0,0,0,0,0,0,0,0
2013,20,0,0,0,0,0,0,0,0,0,0,0,0,0,0,0,0,0,0,0,0,0,0,0,0,0,0,0,0,0,0,0,0,0,0,0,0
2013,21,0,0,0,0,0,0,0,0,0,0,0,0,0,0,0,0,0,0,0,0,0,0,0,0,0,0,0,0,0,0,0,0,0,0,0,0
2013,22,0,0,0,0,0,0,0,0,0,0,0,0,0,0,0,0,0,0,0,0,0,0,0,0,0,0,0,0,0,0,0,0,0,0,0,0
2013,23,0,0,0,0,0,0,0,0,0,0,0,0,0,0,0,0,0,0,0,0,0,0,0,0,0,0,0,0,0,0,0,0,0,0,0,0
2013,24,0,0,0,0,0,0,0,0,0,0,0,0,0,0,0,0,0,0,0,0,0,0,0,0,0,0,0,0,0,0,0,0,0,0,0,0
2013,25,0,0,0,0,0,0,0,0,0,0,0,0,0,0,0,0,0,0,0,0,0,0,0,0,0,0,0,0,0,0,0,0,0,0,0,0
2013,26,0,0,0,0,0,0,0,0,0,0,0,0,0,0,0,0,0,0,0,0,0,0,0,0,0,0,0,0,0,0,0,0,0,0,0,0
2013,27,0,0,0,0,0,0,0,0,0,0,0,0,0,0,0,0,0,0,0,0,0,0,0,0,0,0,0,0,0,0,0,0,0,0,0,0
2013,28,1,0,0,0,0,0,0,0,0,0,0,0,0,0,0,0,0,0,0,0,0,0,0,0,0,0,0,0,0,0,0,0,0,0,0,0
2013,29,0,0,0,0,0,0,0,0,0,0,0,0,0,0,0,0,0,0,0,0,0,0,0,0,0,0,0,0,0,0,0,0,0,0,0,0
2013,30,0,0,0,0,0,0,0,0,0,0,0,0,0,0,0,0,0,0,0,0,0,0,0,0,0,0,0,0,0,0,0,0,0,0,0,0
2013,31,0,0,0,0,0,0,0,0,0,0,0,0,0,0,0,0,0,0,0,0,0,0,0,0,0,0,0,0,0,0,0,0,0,0,0,0
2013,32,0,0,0,0,0,0,0,0,0,0,0,0,0,0,0,0,0,0,0,0,0,0,0,0,0,0,0,0,0,0,0,0,0,0,0,0
2013,33,0,0,0,0,0,0,0,0,0,0,0,0,0,0,0,0,0,0,0,0,0,0,0,0,0,0,0,0,0,0,0,0,0,0,0,0
2013,34,0,0,0,0,0,0,0,0,0,0,0,0,0,0,0,0,0,0,0,0,0,0,0,0,0,0,0,0,0,0,0,0,0,0,0,0
2013,35,0,0,0,0,0,0,0,0,0,0,0,0,0,0,0,0,0,0,0,0,0,0,0,0,0,0,0,0,0,0,0,0,0,0,0,0
2013,36,0,0,0,0,0,0,0,0,0,0,0,0,0,0,0,0,0,0,0,0,0,0,0,0,0,0,0,0,0,0,0,0,0,0,0,0
2013,37,0,0,0,0,0,0,0,0,0,0,0,0,0,0,0,0,0,0,0,0,0,0,0,0,0,0,0,0,0,0,0,0,0,0,0,0
2013,38,0,0,0,0,0,0,0,0,0,0,0,0,0,0,0,0,0,0,0,0,0,0,0,0,0,0,0,0,0,0,0,0,0,0,0,0
2013,39,0,0,0,0,0,0,0,0,0,0,0,0,0,0,0,0,0,0,0,0,0,0,0,0,0,0,0,0,0,0,0,0,0,0,0,0
2013,40,0,0,0,0,0,0,0,0,0,0,0,0,0,0,0,0,0,0,0,0,0,0,0,0,0,0,0,0,0,0,0,0,0,0,0,0
2013,41,0,0,0,0,0,0,0,0,0,0,0,0,0,0,0,0,0,0,0,0,0,0,0,0,0,0,0,0,0,0,0,0,0,0,0,0
2013,42,0,0,0,0,0,0,0,0,0,0,0,0,0,0,0,0,0,0,0,0,0,0,0,0,0,0,0,0,0,0,0,0,0,0,0,0
2013,43,0,0,0,0,0,0,0,0,0,0,0,0,0,0,0,0,0,0,0,0,0,0,0,0,0,0,0,0,0,0,0,0,0,0,0,0
2013,44,0,0,0,0,0,0,0,0,0,0,0,0,0,0,0,0,0,0,0,0,0,0,0,0,0,0,0,0,0,0,0,0,0,0,0,0
2013,45,0,0,0,0,0,0,0,0,0,0,0,0,0,0,0,0,0,0,0,0,0,0,0,0,0,0,0,0,0,0,0,0,0,0,0,0
2013,46,0,0,0,0,0,0,0,0,0,0,0,0,0,0,0,0,0,0,0,0,0,0,0,0,0,0,0,0,0,0,0,0,0,0,0,0
2013,47,0,0,0,0,0,0,0,0,0,0,0,0,0,0,0,0,0,0,0,0,0,0,0,0,0,0,0,0,0,0,0,0,0,0,0,0
2013,48,0,0,0,0,0,0,0,0,0,0,0,0,0,0,0,0,0,0,0,0,0,0,0,0,0,0,0,0,0,0,0,0,0,0,0,0
2013,49,0,0,0,0,0,0,0,0,0,0,0,0,0,0,0,0,0,0,0,0,0,0,0,0,0,0,0,0,0,0,0,0,0,0,0,0
2013,50,0,0,0,0,0,0,0,0,0,0,0,0,0,0,0,0,0,0,0,0,0,0,0,0,0,0,0,0,0,0,0,0,0,0,0,0
2013,51,0,0,0,0,0,0,0,0,0,0,0,0,0,0,0,0,0,0,0,0,0,0,0,0,0,0,0,0,0,0,0,0,0,0,0,0
2013,52,0,0,0,0,0,0,0,0,0,0,0,0,0,0,0,0,0,0,0,0,0,0,0,0,0,0,0,0,0,0,0,0,0,0,0,0
2014,1,0,0,0,0,0,0,0,0,0,0,0,0,0,0,0,0,0,0,0,0,0,0,0,0,0,0,0,0,0,0,0,0,0,0,0,0
2014,2,0,0,0,0,0,0,0,0,0,0,0,0,0,0,0,0,0,0,0,0,0,0,0,0,0,0,0,0,0,0,0,0,0,0,0,0
2014,3,0,0,0,0,0,0,0,0,0,0,0,0,0,0,0,0,0,0,0,0,0,0,0,0,0,0,0,0,0,0,0,0,0,0,0,0
2014,4,0,0,0,0,0,0,0,0,0,0,0,0,0,0,0,0,0,0,0,0,0,0,0,0,0,0,0,0,0,0,0,0,0,0,0,0
2014,5,0,0,0,0,0,0,0,0,0,0,0,0,0,0,0,0,0,0,0,0,0,0,0,0,0,0,0,0,0,0,0,0,0,0,0,0
2014,6,0,0,0,0,0,0,0,0,0,0,0,0,0,0,0,0,0,0,0,0,0,0,0,0,0,0,0,0,0,0,0,0,0,0,0,0
2014,7,0,0,0,0,0,0,0,0,0,0,0,0,0,0,0,0,0,0,0,0,0,0,0,0,0,0,0,0,0,0,0,0,0,0,0,0
2014,8,0,0,0,0,0,0,0,0,0,0,0,0,0,0,0,0,0,0,0,0,0,0,0,0,0,0,0,0,0,0,0,0,0,0,0,0
2014,9,0,0,0,0,0,0,0,0,0,0,0,0,0,0,0,0,0,0,0,0,0,0,0,0,0,0,0,0,0,0,0,0,0,0,0,0
2014,10,0,0,0,0,0,0,0,0,0,0,0,0,0,0,0,0,0,0,0,0,0,0,0,0,0,0,0,0,0,0,0,0,0,0,0,0
2014,11,0,0,0,0,0,0,0,0,0,0,0,0,0,0,0,0,0,0,0,0,0,0,0,0,0,0,0,0,0,0,0,0,0,0,0,0
2014,12,0,0,0,0,0,0,0,0,0,0,0,0,0,0,0,0,0,0,0,0,0,0,0,0,0,0,0,0,0,0,0,0,0,0,0,0
2014,13,0,0,0,0,0,0,0,0,0,0,0,0,0,0,0,0,0,0,0,0,0,0,0,0,0,0,0,0,0,0,0,0,0,0,0,0
2014,14,0,0,0,0,0,0,0,0,0,0,0,0,0,0,0,0,0,0,0,0,0,0,0,0,0,0,0,0,0,0,0,0,0,0,0,0
2014,15,0,0,0,0,0,0,0,0,0,0,0,0,0,0,0,0,0,0,0,0,0,0,0,0,0,0,0,0,0,0,0,0,0,0,0,0
2014,16,0,0,0,0,0,0,0,0,0,0,0,0,0,0,0,0,0,0,0,0,0,0,0,0,0,0,0,0,0,0,0,0,0,0,0,0
2014,17,0,0,0,0,0,0,0,0,0,0,0,0,0,0,0,0,0,0,0,0,0,0,0,0,0,0,0,0,0,0,0,0,0,0,0,0
2014,18,0,0,0,0,0,0,0,0,0,0,0,0,0,0,0,0,0,0,0,0,0,0,0,0,0,0,0,0,0,0,0,0,0,0,0,0
2014,19,0,0,0,0,0,0,0,0,0,0,0,0,0,0,0,0,0,0,0,0,0,0,0,0,0,0,0,0,0,0,0,0,0,0,0,0
2014,20,0,0,0,0,0,0,0,0,0,0,0,0,0,0,0,0,0,0,0,0,0,0,0,0,0,0,0,0,0,0,0,0,0,0,0,0
2014,21,0,0,0,0,0,0,0,0,0,0,0,0,0,0,0,0,0,0,0,0,0,0,0,0,0,0,0,0,0,0,0,0,0,0,0,0
2014,22,0,0,0,0,0,0,0,0,0,0,0,0,0,0,0,0,0,0,0,0,0,0,0,0,0,0,0,0,0,0,0,0,0,0,0,0
2014,23,0,0,0,0,0,0,0,0,0,0,0,0,0,0,0,0,0,0,0,0,0,0,0,0,0,0,0,0,0,0,0,0,0,0,0,0
2014,24,0,0,0,0,0,0,0,0,0,0,0,0,0,0,0,0,0,0,0,0,0,0,0,0,0,0,0,0,0,0,0,0,0,0,0,0
2014,25,0,0,0,0,0,0,0,0,0,0,0,0,0,0,0,0,0,0,0,0,0,0,0,0,0,0,0,0,0,0,0,0,0,0,0,0
2014,26,0,0,0,0,0,0,0,0,0,0,0,0,0,0,0,0,0,0,0,0,0,0,0,0,0,0,0,0,0,0,0,0,0,0,0,0
2014,27,0,0,0,0,0,0,0,0,0,0,0,0,0,0,0,0,0,0,0,0,0,0,0,0,0,0,0,0,0,0,0,0,0,0,0,0
2014,28,1,0,0,0,0,0,0,0,0,0,0,0,0,0,0,0,0,0,0,0,0,0,0,0,0,0,0,0,0,0,0,0,0,0,0,0
2014,29,0,0,0,0,0,0,0,0,0,0,0,0,0,0,0,0,0,0,0,0,0,0,0,0,0,0,0,0,0,0,0,0,0,0,0,0
2014,30,0,0,0,0,0,0,0,0,0,0,0,0,0,0,0,0,0,0,0,0,0,0,0,0,0,0,0,0,0,0,0,0,0,0,0,0
2014,31,0,0,0,0,0,0,0,0,0,0,0,0,0,0,0,0,0,0,0,0,0,0,0,0,0,0,0,0,0,0,0,0,0,0,0,0
2014,32,0,0,0,0,0,0,0,0,0,0,0,0,0,0,0,0,0,0,0,0,0,0,0,0,0,0,0,0,0,0,0,0,0,0,0,0
2014,33,0,0,0,0,0,0,0,0,0,0,0,0,0,0,0,0,0,0,0,0,0,0,0,0,0,0,0,0,0,0,0,0,0,0,0,0
2014,34,0,0,0,0,0,0,0,0,0,0,0,0,0,0,0,0,0,0,0,0,0,0,0,0,0,0,0,0,0,0,0,0,0,0,0,0
2014,35,0,0,0,0,0,0,0,0,0,0,0,0,0,0,0,0,0,0,0,0,0,0,0,0,0,0,0,0,0,0,0,0,0,0,0,0
2014,36,0,0,0,0,0,0,0,0,0,0,0,0,0,0,0,0,0,0,0,0,0,0,0,0,0,0,0,0,0,0,0,0,0,0,0,0
2014,37,0,0,0,0,0,0,0,0,0,0,0,0,0,0,0,0,0,0,0,0,0,0,0,0,0,0,0,0,0,0,0,0,0,0,0,0
2014,38,0,0,0,0,0,0,0,0,0,0,0,0,0,0,0,0,0,0,0,0,0,0,0,0,0,0,0,0,0,0,0,0,0,0,0,0
2014,39,0,0,0,0,0,0,0,0,0,0,0,0,0,0,0,0,0,0,0,0,0,0,0,0,0,0,0,0,0,0,0,0,0,0,0,0
2014,40,0,0,0,0,0,0,0,0,0,0,0,0,0,0,0,0,0,0,0,0,0,0,0,0,0,0,0,0,0,0,0,0,0,0,0,0
2014,41,0,0,0,0,0,0,0,0,0,0,0,0,0,0,0,0,0,0,0,0,0,0,0,0,0,0,0,0,0,0,0,0,0,0,0,0
2014,42,0,0,0,0,0,0,0,0,0,0,0,0,0,0,0,0,0,0,0,0,0,0,0,0,0,0,0,0,0,0,0,0,0,0,0,0
2014,43,0,0,0,0,0,0,0,0,0,0,0,0,0,0,0,0,0,0,0,0,0,0,0,0,0,0,0,0,0,0,0,0,0,0,0,0
2014,44,0,0,0,0,0,0,0,0,0,0,0,0,0,0,0,0,0,0,0,0,0,0,0,0,0,0,0,0,0,0,0,0,0,0,0,0
2014,45,0,0,0,0,0,0,0,0,0,0,0,0,0,0,0,0,0,0,0,0,0,0,0,0,0,0,0,0,0,0,0,0,0,0,0,0
2014,46,0,0,0,0,0,0,0,0,0,0,0,0,0,0,0,0,0,0,0,0,0,0,0,0,0,0,0,0,0,0,0,0,0,0,0,0
2014,47,0,0,0,0,0,0,0,0,0,0,0,0,0,0,0,0,0,0,0,0,0,0,0,0,0,0,0,0,0,0,0,0,0,0,0,0
2014,48,0,0,0,0,0,0,0,0,0,0,0,0,0,0,0,0,0,0,0,0,0,0,0,0,0,0,0,0,0,0,0,0,0,0,0,0
2014,49,0,0,0,0,0,0,0,0,0,0,0,0,0,0,0,0,0,0,0,0,0,0,0,0,0,0,0,0,0,0,0,0,0,0,0,0
2014,50,0,0,0,0,0,0,0,0,0,0,0,0,0,0,0,0,0,0,0,0,0,0,0,0,0,0,0,0,0,0,0,0,0,0,0,0
2014,51,0,0,0,0,0,0,0,0,0,0,0,0,0,0,0,0,0,0,0,0,0,0,0,0,0,0,0,0,0,0,0,0,0,0,0,0
2014,52,0,0,0,0,0,0,0,0,0,0,0,0,0,0,0,0,0,0,0,0,0,0,0,0,0,0,0,0,0,0,0,0,0,0,0,0
2015,1,0,0,0,0,0,0,0,0,0,0,0,0,0,0,0,0,0,0,0,0,0,0,0,0,0,0,0,0,0,0,0,0,0,0,0,0
2015,2,0,0,0,0,0,0,0,0,0,0,0,0,0,0,0,0,0,0,0,0,0,0,0,0,0,0,0,0,0,0,0,0,0,0,0,0
2015,3,0,0,0,0,0,0,0,0,0,0,0,0,0,0,0,0,0,0,0,0,0,0,0,0,0,0,0,0,0,0,0,0,0,0,0,0
2015,4,0,0,0,0,0,0,0,0,0,0,0,0,0,0,0,0,0,0,0,0,0,0,0,0,0,0,0,0,0,0,0,0,0,0,0,0
2015,5,0,0,0,0,0,0,0,0,0,0,0,0,0,0,0,0,0,0,0,0,0,0,0,0,0,0,0,0,0,0,0,0,0,0,0,0
2015,6,0,0,0,0,0,0,0,0,0,0,0,0,0,0,0,0,0,0,0,0,0,0,0,0,0,0,0,0,0,0,0,0,0,0,0,0
2015,7,0,0,0,0,0,0,0,0,0,0,0,0,0,0,0,0,0,0,0,0,0,0,0,0,0,0,0,0,0,0,0,0,0,0,0,0
2015,8,0,0,0,0,0,0,0,0,0,0,0,0,0,0,0,0,0,0,0,0,0,0,0,0,0,0,0,0,0,0,0,0,0,0,0,0
2015,9,0,0,0,0,0,0,0,0,0,0,0,0,0,0,0,0,0,0,0,0,0,0,0,0,0,0,0,0,0,0,0,0,0,0,0,0
2015,10,0,0,0,0,0,0,0,0,0,0,0,0,0,0,0,0,0,0,0,0,0,0,0,0,0,0,0,0,0,0,0,0,0,0,0,0
2015,11,0,0,0,0,0,0,0,0,0,0,0,0,0,0,0,0,0,0,0,0,0,0,0,0,0,0,0,0,0,0,0,0,0,0,0,0
2015,12,0,0,0,0,0,0,0,0,0,0,0,0,0,0,0,0,0,0,0,0,0,0,0,0,0,0,0,0,0,0,0,0,0,0,0,0
2015,13,0,0,0,0,0,0,0,0,0,0,0,0,0,0,0,0,0,0,0,0,0,0,0,0,0,0,0,0,0,0,0,0,0,0,0,0
2015,14,0,0,0,0,0,0,0,0,0,0,0,0,0,0,0,0,0,0,0,0,0,0,0,0,0,0,0,0,0,0,0,0,0,0,0,0
2015,15,0,0,0,0,0,0,0,0,0,0,0,0,0,0,0,0,0,0,0,0,0,0,0,0,0,0,0,0,0,0,0,0,0,0,0,0
2015,16,0,0,0,0,0,0,0,0,0,0,0,0,0,0,0,0,0,0,0,0,0,0,0,0,0,0,0,0,0,0,0,0,0,0,0,0
2015,17,0,0,0,0,0,0,0,0,0,0,0,0,0,0,0,0,0,0,0,0,0,0,0,0,0,0,0,0,0,0,0,0,0,0,0,0
2015,18,0,0,0,0,0,0,0,0,0,0,0,0,0,0,0,0,0,0,0,0,0,0,0,0,0,0,0,0,0,0,0,0,0,0,0,0
2015,19,0,0,0,0,0,0,0,0,0,0,0,0,0,0,0,0,0,0,0,0,0,0,0,0,0,0,0,0,0,0,0,0,0,0,0,0
2015,20,0,0,0,0,0,0,0,0,0,0,0,0,0,0,0,0,0,0,0,0,0,0,0,0,0,0,0,0,0,0,0,0,0,0,0,0
2015,21,0,0,0,0,0,0,0,0,0,0,0,0,0,0,0,0,0,0,0,0,0,0,0,0,0,0,0,0,0,0,0,0,0,0,0,0
2015,22,0,0,0,0,0,0,0,0,0,0,0,0,0,0,0,0,0,0,0,0,0,0,0,0,0,0,0,0,0,0,0,0,0,0,0,0
2015,23,0,0,0,0,0,0,0,0,0,0,0,0,0,0,0,0,0,0,0,0,0,0,0,0,0,0,0,0,0,0,0,0,0,0,0,0
2015,24,0,0,0,0,0,0,0,0,0,0,0,0,0,0,0,0,0,0,0,0,0,0,0,0,0,0,0,0,0,0,0,0,0,0,0,0
2015,25,0,0,0,0,0,0,0,0,0,0,0,0,0,0,0,0,0,0,0,0,0,0,0,0,0,0,0,0,0,0,0,0,0,0,0,0
2015,26,0,0,0,0,0,0,0,0,0,0,0,0,0,0,0,0,0,0,0,0,0,0,0,0,0,0,0,0,0,0,0,0,0,0,0,0
2015,27,0,0,0,0,0,0,0,0,0,0,0,0,0,0,0,0,0,0,0,0,0,0,0,0,0,0,0,0,0,0,0,0,0,0,0,0
2015,28,1,0,0,0,0,0,0,0,0,0,0,0,0,0,0,0,0,0,0,0,0,0,0,0,0,0,0,0,0,0,0,0,0,0,0,0
2015,29,0,0,0,0,0,0,0,0,0,0,0,0,0,0,0,0,0,0,0,0,0,0,0,0,0,0,0,0,0,0,0,0,0,0,0,0
2015,30,0,0,0,0,0,0,0,0,0,0,0,0,0,0,0,0,0,0,0,0,0,0,0,0,0,0,0,0,0,0,0,0,0,0,0,0
2015,31,0,0,0,0,0,0,0,0,0,0,0,0,0,0,0,0,0,0,0,0,0,0,0,0,0,0,0,0,0,0,0,0,0,0,0,0
2015,32,0,0,0,0,0,0,0,0,0,0,0,0,0,0,0,0,0,0,0,0,0,0,0,0,0,0,0,0,0,0,0,0,0,0,0,0
2015,33,0,0,0,0,0,0,0,0,0,0,0,0,0,0,0,0,0,0,0,0,0,0,0,0,0,0,0,0,0,0,0,0,0,0,0,0
2015,34,0,0,0,0,0,0,0,0,0,0,0,0,0,0,0,0,0,0,0,0,0,0,0,0,0,0,0,0,0,0,0,0,0,0,0,0
2015,35,0,0,0,0,0,0,0,0,0,0,0,0,0,0,0,0,0,0,0,0,0,0,0,0,0,0,0,0,0,0,0,0,0,0,0,0
2015,36,0,0,0,0,0,0,0,0,0,0,0,0,0,0,0,0,0,0,0,0,0,0,0,0,0,0,0,0,0,0,0,0,0,0,0,0
2015,37,0,0,0,0,0,0,0,0,0,0,0,0,0,0,0,0,0,0,0,0,0,0,0,0,0,0,0,0,0,0,0,0,0,0,0,0
2015,38,0,0,0,0,0,0,0,0,0,0,0,0,0,0,0,0,0,0,0,0,0,0,0,0,0,0,0,0,0,0,0,0,0,0,0,0
2015,39,0,0,0,0,0,0,0,0,0,0,0,0,0,0,0,0,0,0,0,0,0,0,0,0,0,0,0,0,0,0,0,0,0,0,0,0
2015,40,0,0,0,0,0,0,0,0,0,0,0,0,0,0,0,0,0,0,0,0,0,0,0,0,0,0,0,0,0,0,0,0,0,0,0,0
2015,41,0,0,0,0,0,0,0,0,0,0,0,0,0,0,0,0,0,0,0,0,0,0,0,0,0,0,0,0,0,0,0,0,0,0,0,0
2015,42,0,0,0,0,0,0,0,0,0,0,0,0,0,0,0,0,0,0,0,0,0,0,0,0,0,0,0,0,0,0,0,0,0,0,0,0
2015,43,0,0,0,0,0,0,0,0,0,0,0,0,0,0,0,0,0,0,0,0,0,0,0,0,0,0,0,0,0,0,0,0,0,0,0,0
2015,44,0,0,0,0,0,0,0,0,0,0,0,0,0,0,0,0,0,0,0,0,0,0,0,0,0,0,0,0,0,0,0,0,0,0,0,0
2015,45,0,0,0,0,0,0,0,0,0,0,0,0,0,0,0,0,0,0,0,0,0,0,0,0,0,0,0,0,0,0,0,0,0,0,0,0
2015,46,0,0,0,0,0,0,0,0,0,0,0,0,0,0,0,0,0,0,0,0,0,0,0,0,0,0,0,0,0,0,0,0,0,0,0,0
2015,47,0,0,0,0,0,0,0,0,0,0,0,0,0,0,0,0,0,0,0,0,0,0,0,0,0,0,0,0,0,0,0,0,0,0,0,0
2015,48,0,0,0,0,0,0,0,0,0,0,0,0,0,0,0,0,0,0,0,0,0,0,0,0,0,0,0,0,0,0,0,0,0,0,0,0
2015,49,0,0,0,0,0,0,0,0,0,0,0,0,0,0,0,0,0,0,0,0,0,0,0,0,0,0,0,0,0,0,0,0,0,0,0,0
2015,50,0,0,0,0,0,0,0,0,0,0,0,0,0,0,0,0,0,0,0,0,0,0,0,0,0,0,0,0,0,0,0,0,0,0,0,0
2015,51,0,0,0,0,0,0,0,0,0,0,0,0,0,0,0,0,0,0,0,0,0,0,0,0,0,0,0,0,0,0,0,0,0,0,0,0
2015,52,0,0,0,0,0,0,0,0,0,0,0,0,0,0,0,0,0,0,0,0,0,0,0,0,0,0,0,0,0,0,0,0,0,0,0,0
2016,1,22,3,25,6,100,0,1,0,15,10,240,240,5,100,32,12,8,181,55,0,0,6,17,7,7,57,0,377,14,2,11,0,2,0,15,24
2016,2,22,0,25,6,167,0,3,0,17,10,183,240,5,100,36,12,8,166,55,0,0,21,48,20,20,57,8,377,25,2,11,1,14,0,15,24
2016,3,38,3,27,10,98,48,3,0,19,240,10,240,5,100,38,39,8,109,55,0,3,10,24,23,23,57,22,377,20,3,15,5,25,1,17,27
2016,4,24,14,26,8,104,12,4,0,22,144,98,240,16,100,32,62,8,186,55,0,3,6,20,16,16,62,22,377,33,3,12,7,26,10,24,25
2016,5,22,26,25,17,186,0,4,1,20,78,240,240,9,100,32,62,8,215,55,0,4,13,10,10,10,57,0,377,49,2,11,72,24,18,17,24
2016,6,48,26,25,6,82,0,3,1,23,135,240,240,6,100,36,45,8,119,55,0,7,13,12,7,7,16,0,377,18,3,12,60,35,9,15,30
2016,7,38,19,31,6,181,52,4,0,21,83,240,240,6,100,32,12,8,128,55,0,111,11,10,7,7,8,0,377,25,2,11,60,44,2,18,24
2016,8,24,2,25,37,8,30,2,1,17,219,135,240,6,100,32,31,5,202,55,0,53,11,14,26,26,4,42,377,24,5,13,71,44,10,24,38
2016,9,24,5,25,60,8,104,4,1,18,143,216,240,6,100,32,39,0,215,55,0,53,8,25,14,14,0,56,377,16,7,22,62,43,26,31,49
2016,10,29,0,25,60,8,104,4,0,15,127,240,240,6,100,32,21,19,157,55,0,53,6,48,31,31,1,30,167,26,4,18,65,31,18,18,49
2016,11,34,2,26,60,8,104,2,0,14,147,240,240,34,100,32,24,37,134,55,0,53,7,74,26,26,60,24,19,14,4,19,71,14,3,30,25
2016,12,15,6,26,19,8,100,3,0,18,146,240,240,10,100,34,21,37,174,55,0,53,6,47,10,10,56,31,332,16,6,18,60,24,1,30,24
2016,13,3,4,25,6,8,22,4,0,15,170,240,240,6,100,32,12,37,182,55,0,53,6,74,6,6,55,27,377,9,4,12,61,24,0,30,25
2016,14,1,5,25,6,8,0,3,0,13,134,240,240,8,100,32,39,36,152,55,0,8,6,77,34,34,55,28,377,82,3,12,65,34,0,27,24
2016,15,2,0,25,6,15,3,1,7,15,105,240,240,5,100,34,27,34,133,55,0,1,21,79,58,58,55,26,167,138,24,134,60,28,11,15,25
2016,16,2,1,26,35,32,0,0,12,11,209,125,240,4,100,32,4,25,112,55,0,1,24,80,54,54,55,22,377,200,3,14,63,30,18,23,34
2016,17,3,0,26,63,8,0,0,13,11,158,208,240,3,100,34,54,0,106,55,0,1,18,74,23,22,55,21,377,182,3,17,60,23,19,31,28
2016,18,5,0,26,63,14,0,1,2,9,108,147,240,3,100,32,9,0,122,55,0,1,33,82,46,46,59,0,377,17,3,12,60,20,6,33,37
2016,19,11,22,27,19,15,0,4,0,12,67,146,240,3,100,32,36,0,153,55,0,1,33,74,29,29,60,23,377,56,2,11,60,36,1,37,24
2016,20,14,14,27,9,8,3,2,6,35,47,122,240,3,100,32,62,0,140,55,0,1,33,74,21,21,57,30,377,98,4,16,26,33,0,17,24
2016,21,11,10,26,9,29,2,0,0,14,66,132,240,3,100,32,6,0,147,55,0,1,34,74,6,6,39,23,377,31,22,129,13,34,0,15,25
2016,22,16,0,25,10,70,0,5,0,12,44,142,240,3,100,33,8,0,142,55,0,1,30,74,10,10,4,17,377,6,3,12,10,37,0,24,25
2016,23,34,2,25,9,8,0,10,1,8,83,59,240,3,100,31,31,0,96,55,0,0,11,54,6,6,0,0,247,27,2,11,7,32,0,20,29
2016,24,41,0,27,9,56,0,11,2,81,76,204,240,3,100,1,17,0,87,55,0,0,13,15,19,62,0,0,17,26,2,11,10,16,1,24,25
2016,25,9,0,23,6,82,0,11,9,8,103,240,240,3,100,2,12,0,138,55,0,0,6,10,6,6,0,30,138,4,2,11,7,15,1,30,25
2016,26,4,0,8,35,46,0,10,0,9,161,187,240,5,100,2,15,0,246,55,0,0,6,20,19,19,0,29,377,4,3,12,7,5,1,22,25
2016,27,0,0,10,60,8,0,10,0,1,150,137,240,1,100,13,41,0,220,55,0,0,6,72,22,22,0,29,92,4,2,11,16,7,1,15,24
2016,28,2,0,11,59,8,36,2,1,4,123,233,240,1,100,7,24,0,213,55,0,0,6,80,27,27,3,0,89,14,3,13,15,3,0,15,24
2016,29,11,0,11,6,15,0,1,0,5,176,240,240,1,100,0,33,0,212,55,0,0,6,77,34,34,0,0,20,23,6,32,15,3,0,16,26
2016,30,7,2,11,6,8,0,0,0,8,208,240,240,1,100,5,17,0,212,55,0,0,8,74,58,58,1,28,326,6,3,12,3,7,0,15,25
2016,31,5,0,11,6,8,0,0,1,34,194,240,240,1,100,0,12,0,168,55,0,0,6,79,16,16,0,29,162,22,2,11,0,3,1,18,24
2016,32,9,0,10,6,14,0,0,1,34,162,235,240,4,100,0,61,0,109,55,0,0,6,74,13,13,0,29,15,10,3,14,0,3,1,23,24
2016,33,12,1,13,10,8,56,0,1,7,133,181,240,2,100,2,62,0,106,55,0,0,6,81,34,34,0,0,324,2,2,11,6,14,0,30,25
2016,34,4,2,12,9,61,104,1,0,31,136,234,240,1,100,1,62,0,108,55,0,0,6,77,58,58,0,0,377,29,3,13,3,5,1,17,28
2016,35,6,0,14,40,25,104,2,1,9,223,240,240,1,100,1,62,0,98,55,0,0,8,89,12,12,0,22,155,5,2,11,0,3,1,15,26
2016,36,5,14,11,13,8,104,1,0,7,240,240,240,2,100,0,62,0,94,55,0,0,6,74,58,58,0,26,17,25,3,12,3,3,1,15,26
2016,37,3,26,13,46,8,104,1,1,0,223,240,240,1,100,17,62,0,107,55,0,0,6,75,33,33,0,21,329,15,2,11,0,6,1,15,24
2016,38,3,8,11,60,8,11,1,0,8,212,240,240,2,100,22,62,0,78,55,0,0,21,19,7,7,0,0,377,13,2,11,0,9,2,15,37
2016,39,19,0,11,63,8,0,1,1,11,218,240,240,2,100,0,62,0,91,55,0,0,33,29,9,9,0,28,377,11,5,29,0,13,0,20,28
2016,40,30,2,11,58,8,0,1,0,11,240,240,240,2,100,2,28,0,92,55,0,0,30,49,34,34,2,28,313,13,15,86,3,13,7,15,38
2016,41,31,1,10,40,8,0,7,1,42,240,240,240,33,100,1,23,0,85,55,0,0,16,78,69,69,0,28,160,10,14,83,0,6,2,16,50
2016,42,25,0,10,62,24,0,10,0,7,240,216,240,11,100,9,12,0,114,55,0,0,6,78,63,63,0,30,178,4,19,32,3,6,0,15,50
2016,43,14,3,11,60,15,0,0,1,8,240,240,240,2,100,33,31,0,81,55,0,0,7,74,49,49,0,29,377,48,5,11,0,31,0,15,50
2016,44,28,0,21,61,9,56,4,1,6,240,240,240,2,100,2,29,0,72,55,0,0,8,74,29,29,0,31,377,35,3,12,3,45,1,17,49
2016,45,30,7,27,8,103,104,5,0,12,240,225,240,2,100,2,23,0,75,55,0,0,10,79,7,7,8,1,377,14,2,11,3,45,0,16,52
2016,46,31,0,30,6,186,104,1,2,340,28,240,240,2,100,0,12,0,96,55,0,0,6,74,14,14,0,23,377,17,2,11,0,45,0,16,50
2016,47,31,0,22,6,186,104,1,4,385,10,240,240,8,100,0,12,0,89,55,0,0,6,85,17,17,0,27,377,14,3,12,3,51,1,15,50
2016,48,31,0,29,12,186,104,3,0,369,119,22,240,3,100,2,11,0,131,55,0,0,8,78,18,18,0,29,377,6,3,6,0,49,0,16,49
2016,49,28,15,31,59,170,76,0,1,177,240,144,240,3,100,4,35,0,149,55,0,26,6,74,6,6,13,30,377,6,3,6,0,47,1,32,50
2016,50,33,25,30,35,27,17,1,0,38,240,240,240,3,100,3,75,0,133,55,0,63,8,19,34,34,20,8,377,22,3,6,1,44,6,19,52
2016,51,18,2,28,46,94,4,1,0,49,240,240,240,3,100,3,48,0,76,55,0,41,6,13,20,20,0,0,377,6,4,6,0,46,2,15,51
2016,52,2,0,10,6,97,4,1,0,49,240,240,240,3,100,0,17,0,70,55,0,27,6,10,8,8,0,0,377,14,2,5,0,45,0,15,50
2017,1,0,0,10,6,97,4,2,0,39,240,240,240,4,100,0,12,0,70,55,0,27,6,10,9,9,0,0,377,6,2,5,0,44,0,16,50
2017,2,74,5,11,6,98,3,3,0,14,240,240,240,4,100,0,24,0,62,55,0,27,8,72,9,9,0,0,377,6,2,5,52,45,2,15,50
2017,3,18,0,10,51,81,0,3,10,14,240,240,240,3,100,2,0,0,117,55,0,27,7,77,6,6,0,0,377,13,3,6,60,60,11,16,51
2017,4,0,0,13,60,8,14,3,12,17,240,240,240,3,100,0,31,0,86,55,0,27,8,62,18,18,0,0,377,40,3,5,60,60,1,15,50
2017,5,16,0,10,60,8,87,3,5,16,201,240,240,4,100,0,12,0,72,55,0,27,6,63,39,40,0,26,377,6,6,17,63,58,4,18,52
2017,6,8,0,12,45,8,105,4,0,16,240,240,240,4,100,7,23,0,119,55,0,27,6,77,11,11,17,0,377,8,2,5,60,35,7,17,56
2017,7,6,2,25,6,138,104,5,6,30,240,240,240,4,100,29,0,0,141,55,0,27,6,78,10,10,55,0,166,22,2,5,60,34,6,15,49
2017,8,8,7,26,6,166,91,4,1,13,240,240,240,4,100,32,49,0,127,55,0,27,6,74,6,6,14,0,377,31,2,5,63,35,27,9,50
2017,9,3,4,23,6,154,111,2,10,10,240,240,240,4,100,32,47,0,109,55,0,16,8,79,6,6,0,0,377,6,2,5,60,55,18,5,53
2017,10,0,30,14,6,97,108,1,12,18,217,240,240,4,100,34,12,0,115,55,0,2,6,77,39,39,0,15,66,23,2,5,60,57,18,16,56
2017,11,2,31,10,9,100,93,0,9,20,240,240,240,3,100,35,12,0,112,55,0,2,7,74,49,49,0,29,21,15,3,6,60,33,18,13,56
2017,12,18,2,12,6,97,0,1,3,10,240,240,240,3,100,39,42,0,116,55,0,2,6,74,58,58,0,28,22,13,2,5,60,17,19,14,49
2017,13,9,7,10,51,82,0,1,0,13,240,240,240,4,100,40,54,0,129,55,0,2,10,75,49,49,0,29,27,100,2,5,62,20,18,6,51
2017,14,5,0,10,35,22,0,0,1,15,240,198,240,11,100,33,65,0,141,55,0,2,7,76,7,7,0,30,24,177,2,5,206,13,10,6,51
2017,15,9,0,12,8,60,0,1,0,17,240,209,240,48,100,32,62,0,113,55,0,2,12,39,6,6,5,30,125,62,2,5,102,9,4,0,49
2017,16,2,12,10,6,8,0,0,0,24,240,199,240,48,100,33,62,0,163,55,0,2,35,10,13,13,0,31,377,2,2,5,14,10,0,1,50
2017,17,16,2,11,6,14,0,1,0,20,239,240,240,48,100,32,62,0,114,55,0,2,33,20,11,11,6,26,377,2,5,15,0,13,2,5,49
2017,18,30,0,10,6,48,0,0,0,2,201,192,240,48,100,32,62,0,127,55,0,1,33,19,15,15,2,35,46,16,3,7,0,9,2,15,49
2017,19,27,1,11,8,48,0,9,0,4,159,219,240,28,100,32,62,0,101,55,0,1,21,10,50,50,40,43,16,17,3,8,11,9,4,10,50
2017,20,29,3,12,6,97,5,7,0,3,116,240,240,3,100,34,62,0,94,55,0,1,7,23,49,49,0,28,16,2,2,8,0,36,1,13,49
2017,21,33,0,10,6,97,0,0,0,0,10,233,240,3,100,32,83,0,82,55,0,1,6,20,8,8,0,26,13,11,2,5,0,38,0,22,49
2017,22,31,0,10,6,104,0,1,1,0,30,240,240,5,100,32,86,0,57,55,0,1,12,18,6,6,0,35,16,2,3,7,1,2,0,20,39
2017,23,29,0,11,6,97,0,0,0,0,184,101,240,1,100,32,77,0,44,55,0,1,7,10,7,7,0,29,16,10,3,6,0,2,1,15,21
2017,24,29,0,11,6,97,5,1,1,0,25,10,240,1,100,32,62,0,43,55,0,1,7,18,6,6,0,26,166,2,2,5,3,2,2,16,19
2017,25,0,7,11,6,97,0,1,1,0,1,57,240,2,100,32,155,0,23,55,0,1,8,18,32,32,5,26,16,9,3,7,3,2,1,23,19
2017,26,0,12,10,6,99,0,3,6,0,10,42,240,2,100,32,106,0,7,55,0,0,8,15,27,27,0,31,9,11,2,5,0,2,1,6,19
2017,27,1,2,10,6,106,0,3,1,0,10,2,240,1,100,9,88,0,4,55,0,0,7,10,7,7,3,0,14,12,3,6,8,3,1,2,20
2017,28,5,0,10,6,171,0,1,0,0,10,47,240,1,100,0,102,0,4,55,0,0,6,15,8,8,5,0,13,3,2,5,0,4,2,2,20
2017,29,3,0,10,6,186,0,1,0,0,39,125,240,1,100,2,63,0,3,55,0,0,6,15,19,19,0,0,19,7,2,5,0,6,1,0,22
2017,30,0,0,10,6,186,5,0,0,0,73,197,240,1,100,0,62,0,2,55,0,0,8,10,22,22,0,0,17,9,6,18,4,3,1,0,19
2017,31,5,0,10,24,145,0,0,0,0,44,148,240,1,100,0,62,0,9,55,0,0,6,10,6,6,7,7,10,12,3,7,0,4,0,3,19
2017,32,4,1,11,8,108,7,0,1,0,113,206,240,2,100,0,62,0,6,55,0,0,8,14,14,14,0,30,18,19,4,5,0,4,0,3,19
2017,33,5,0,12,6,173,0,0,0,0,120,178,240,1,100,4,105,0,37,55,0,0,8,65,7,7,0,30,72,13,5,6,0,32,1,13,29
2017,34,5,0,11,9,186,0,1,2,0,152,240,240,1,100,6,85,0,50,55,0,0,6,79,9,9,0,14,5,5,4,5,0,5,3,16,23
2017,35,5,0,10,6,186,0,0,34,0,184,240,240,2,100,3,49,0,47,55,0,0,6,10,59,59,0,0,7,2,4,5,1,5,5,15,19
2017,36,1,5,10,9,186,0,1,27,0,135,240,240,1,100,4,12,0,76,55,0,0,6,12,58,58,0,0,18,4,4,5,1,9,3,16,29
2017,37,11,1,11,9,190,0,1,0,9,192,240,240,1,100,1,6,0,52,55,0,0,7,12,58,58,0,0,18,3,4,5,0,6,0,15,23
2017,38,27,0,11,11,212,0,0,1,3,240,176,240,1,100,0,0,0,84,55,0,0,6,10,58,58,6,0,18,21,4,6,0,6,1,17,40
2017,39,27,13,10,6,157,0,2,1,7,199,240,240,2,100,0,65,0,110,55,0,0,6,13,63,63,0,0,276,93,7,28,13,7,0,15,44
2017,40,33,8,10,9,97,0,0,0,0,240,240,240,3,100,5,53,0,108,55,0,0,7,53,61,61,0,0,377,3,13,66,0,6,1,6,45
2017,41,28,9,10,6,102,95,0,0,0,216,240,240,27,100,12,0,0,112,55,0,9,7,24,58,58,0,19,377,5,14,75,0,5,0,1,44
2017,42,29,0,10,6,97,110,1,1,0,240,240,240,44,100,0,0,0,108,55,0,0,16,42,48,48,0,41,0,2,3,16,0,15,1,5,44
2017,43,27,0,10,6,97,114,7,0,1,240,240,240,2,100,2,0,0,133,55,0,0,11,10,10,10,0,28,0,3,19,52,0,6,1,11,43
2017,44,28,22,10,6,134,93,10,3,1,240,199,240,2,100,0,15,0,153,55,0,0,28,10,51,51,0,36,92,4,27,75,0,13,1,16,44
2017,45,28,27,10,9,102,12,10,0,86,182,195,240,2,100,2,62,0,127,55,0,0,34,10,49,49,6,32,377,13,2,74,1,5,1,16,44
2017,46,32,26,16,6,97,3,7,0,385,10,240,240,2,100,0,62,0,132,55,0,0,33,25,46,46,0,29,377,5,2,75,0,2,4,15,44
2017,47,24,26,12,6,97,7,0,0,155,10,240,240,3,100,0,67,0,113,55,0,0,22,36,27,27,0,33,377,5,6,74,0,5,1,21,44
2017,48,3,26,14,51,104,0,1,0,2,8,240,240,3,100,27,62,0,114,55,0,0,6,35,27,27,0,28,377,5,2,74,0,21,1,15,45
2017,49,3,37,11,60,102,48,2,2,9,2,52,240,4,100,32,91,0,137,55,0,0,28,10,10,10,1,28,377,5,2,74,0,25,4,17,61
2017,50,14,26,12,60,55,28,1,1,10,59,68,240,4,100,33,89,0,109,55,0,0,24,10,17,17,2,16,367,11,3,74,4,17,2,15,67
2017,51,2,27,17,35,8,30,0,0,12,17,44,240,5,100,32,88,0,130,55,0,0,10,10,8,8,0,0,245,16,3,74,11,7,1,15,48
2017,52,0,26,10,6,10,0,0,0,9,10,240,240,4,100,32,12,0,109,55,0,0,6,10,7,7,17,0,21,17,2,74,0,15,0,15,43
2018,1,0,26,10,6,8,0,0,0,14,10,240,240,4,100,32,12,0,111,55,0,0,6,10,9,9,33,0,115,26,3,74,0,22,0,15,43
2018,2,60,26,11,6,14,0,0,1,11,84,69,240,4,100,33,35,0,109,55,0,0,6,13,12,12,5,0,96,8,2,74,0,22,0,15,44
2018,3,27,26,11,18,8,0,1,0,12,240,13,240,5,100,32,119,0,114,55,0,8,6,33,11,11,0,0,26,96,2,74,0,14,1,15,55
2018,4,0,26,10,12,14,66,1,1,15,72,20,240,5,100,34,195,0,150,55,0,9,8,63,10,10,0,0,26,60,2,74,0,14,4,16,68
2018,5,1,26,10,6,8,23,0,1,14,127,25,240,5,100,32,185,0,143,55,0,9,6,53,8,8,0,0,96,9,3,74,0,5,1,17,69
2018,6,6,26,15,6,11,0,2,1,19,183,122,240,4,100,32,169,0,111,55,0,9,7,10,19,19,3,0,231,9,4,74,0,12,0,30,70
2018,7,2,32,11,6,8,0,1,0,18,240,240,240,5,100,32,62,0,107,55,0,3,12,10,16,16,0,0,26,13,2,74,38,40,0,30,60
2018,8,5,26,10,59,8,2,0,0,32,240,240,240,6,100,34,65,0,108,55,0,1,8,15,9,9,0,20,26,10,2,74,38,14,23,25,45
2018,9,7,27,11,60,20,4,0,0,16,240,240,240,4,100,37,91,0,63,55,0,91,7,20,25,25,0,27,177,8,2,74,31,3,19,15,45
2018,10,6,32,10,60,8,100,0,1,30,240,240,240,4,100,32,62,0,72,55,0,1,9,10,11,11,0,31,29,8,2,74,58,5,20,17,44
2018,11,9,26,11,68,12,104,0,1,38,239,240,240,3,100,32,62,0,73,55,0,0,7,10,8,8,30,29,44,11,2,74,60,2,20,31,41
2018,12,3,44,29,6,8,30,0,0,25,81,240,240,3,100,35,72,0,117,55,0,0,6,14,9,9,106,11,377,3,2,74,60,7,21,26,39
2018,13,10,26,29,16,8,4,1,2,12,240,240,240,5,100,32,66,0,96,55,0,0,7,10,14,14,42,0,377,13,2,79,60,22,20,15,22
2018,14,54,26,29,6,8,1,0,0,52,186,240,240,42,100,32,62,0,74,55,0,0,7,10,11,11,55,0,377,14,2,74,60,22,21,16,24
2018,15,14,36,30,6,47,100,0,0,85,74,192,240,33,100,32,40,0,75,55,0,0,6,10,47,47,94,0,377,17,2,74,60,36,20,30,21
2018,16,7,28,29,6,20,70,0,0,11,240,240,240,3,100,32,61,0,128,55,0,0,6,13,7,7,55,0,377,28,2,74,60,22,20,40,13
2018,17,3,27,29,17,19,0,1,3,1,208,240,240,1,100,32,38,0,93,55,0,0,7,11,44,44,55,0,367,135,2,74,60,22,20,30,19
2018,18,5,28,29,11,11,0,0,1,1,210,240,240,1,100,32,43,0,89,55,0,0,6,75,58,58,55,0,20,200,2,74,60,49,22,27,14
2018,19,3,26,23,9,14,0,2,1,6,232,240,240,1,100,32,67,0,125,55,0,0,8,75,44,44,56,0,18,129,2,74,60,50,20,35,14
2018,20,6,26,13,6,8,0,2,0,14,193,240,240,2,100,32,65,0,164,55,0,0,13,88,10,10,118,22,22,144,2,74,60,32,20,16,35
2018,21,25,27,11,6,8,0,3,0,23,82,185,240,2,100,32,62,0,129,55,0,0,8,77,8,8,120,23,22,153,2,74,60,46,19,16,12
2018,22,7,26,10,6,8,0,3,1,47,110,28,240,2,100,32,62,0,78,55,0,0,8,97,9,9,13,24,11,200,2,52,69,36,18,16,15
2018,23,5,26,14,6,8,0,0,0,17,139,77,240,0,100,17,55,0,69,55,0,16,7,78,6,6,0,24,15,200,2,2,60,25,18,28,15
2018,24,2,26,11,8,12,0,1,0,42,108,220,240,1,100,8,9,0,54,55,0,14,8,86,6,6,0,24,17,200,3,4,60,42,13,30,34
2018,25,26,29,23,7,12,5,0,1,26,136,170,240,0,100,0,61,0,29,55,0,7,8,76,7,13,0,22,14,200,2,2,60,35,1,31,14
2018,26,24,10,13,6,8,0,0,11,32,158,93,240,1,100,6,62,0,7,55,0,0,7,77,8,8,0,22,12,162,3,3,41,4,0,31,18
2018,27,7,7,10,6,8,0,3,11,29,182,130,240,1,100,0,35,0,4,55,0,0,6,78,6,6,0,31,12,116,2,2,0,2,0,46,14
2018,28,1,1,10,6,8,100,0,11,29,226,188,240,1,100,0,60,0,5,55,0,0,6,80,33,33,0,0,14,107,3,4,0,2,7,26,13
2018,29,3,2,10,6,14,104,0,22,36,219,240,240,0,100,0,62,0,7,55,0,0,6,74,10,10,0,0,14,107,2,2,0,2,0,15,12
2018,30,0,0,10,11,9,104,1,24,8,211,240,240,1,100,0,62,0,10,55,0,0,6,74,6,6,0,0,14,107,2,2,1,2,1,15,13
2018,31,2,6,11,6,8,73,0,23,0,214,240,240,1,100,0,62,0,8,55,0,0,6,82,6,6,6,0,13,116,2,2,0,2,4,17,13
2018,32,9,1,11,10,8,7,0,21,34,231,240,240,1,100,1,30,0,4,55,0,0,7,74,39,39,0,0,60,106,3,4,0,17,2,18,16
2018,33,21,0,11,7,8,0,0,11,36,240,240,240,2,100,0,60,0,14,55,0,0,8,78,6,6,0,0,22,124,3,2,0,19,0,18,15
2018,34,22,1,12,9,8,0,1,12,60,240,240,160,5,100,0,62,0,37,55,0,0,13,74,38,38,0,0,20,113,4,5,0,7,0,17,29
2018,35,15,2,29,9,94,0,1,8,4,240,240,240,3,100,12,46,0,31,55,0,2,14,74,6,6,0,0,18,107,4,2,0,18,0,19,43
2018,36,3,1,29,62,97,100,0,0,40,197,240,175,4,100,4,14,0,41,55,0,0,8,76,8,8,0,0,13,106,5,3,7,3,0,19,52
2018,37,21,2,30,41,97,104,0,2,67,240,230,19,1,100,0,21,0,50,55,0,0,8,74,6,6,0,0,12,106,4,2,8,5,0,60,24
2018,38,23,1,31,33,32,104,0,0,72,232,240,77,2,100,2,60,0,52,55,0,0,7,74,6,6,0,0,15,130,9,29,0,5,1,20,38
2018,39,22,0,30,67,94,71,0,0,104,68,240,240,10,100,21,32,0,45,55,0,0,6,74,41,41,0,0,13,115,6,2,0,14,0,15,37
2018,40,29,9,29,60,18,0,1,2,151,24,240,238,27,100,9,16,0,57,55,0,0,7,74,17,17,0,0,124,163,6,3,10,2,4,15,37
2018,41,23,8,29,64,43,0,3,0,111,127,240,10,3,100,0,60,0,90,55,0,0,6,74,11,11,6,24,101,104,6,2,0,8,1,15,42
2018,42,22,0,29,6,17,8,3,1,104,44,240,10,3,100,0,42,0,67,55,0,1,6,74,6,6,0,26,122,88,24,70,0,2,0,15,39
2018,43,23,0,31,7,226,0,2,0,203,20,240,10,3,100,27,12,0,57,55,0,0,21,74,6,6,0,18,77,45,7,26,10,12,0,15,40
2018,44,22,0,30,42,137,0,2,1,385,69,240,10,3,100,32,32,0,82,55,0,0,34,77,21,21,0,0,270,12,6,24,0,2,3,18,37
2018,45,25,0,30,6,215,0,4,1,385,7,240,78,6,100,32,34,0,118,55,0,0,32,74,8,8,0,0,377,22,5,21,0,4,0,17,37
2018,46,23,0,29,6,181,1,5,1,385,10,240,140,4,100,32,17,0,139,55,0,0,32,74,6,6,0,0,377,14,3,3,2,11,9,15,38
2018,47,16,0,29,33,97,0,17,0,385,10,240,8,4,100,12,62,0,123,55,0,11,33,112,43,43,0,0,377,22,2,2,0,20,1,15,37
2018,48,3,20,29,6,100,1,8,0,385,2,240,17,18,100,7,62,0,111,55,0,24,38,74,39,39,0,0,377,14,3,2,0,21,1,15,37
2018,49,21,36,21,8,67,0,1,1,385,74,240,10,3,100,0,37,0,74,55,0,0,21,74,57,57,6,0,377,21,3,2,0,37,4,16,37
2018,50,6,25,15,6,19,0,0,1,160,117,240,76,5,100,9,46,0,85,55,0,0,11,77,41,41,0,0,377,12,3,2,4,22,14,16,39
2018,51,10,23,10,6,10,9,1,1,10,240,240,132,4,100,0,12,0,93,55,0,10,7,79,10,10,0,0,377,32,3,2,9,22,0,16,38
2018,52,3,23,10,6,8,0,0,0,6,240,240,240,4,100,0,12,0,67,55,0,0,5,74,6,6,0,0,377,19,2,2,0,22,0,15,37
2019,1,3,23,10,6,8,0,0,0,8,240,240,240,4,100,0,13,0,70,55,0,0,5,74,22,22,0,0,377,13,3,2,0,22,1,15,37
2019,2,53,23,10,6,8,0,0,1,11,240,240,18,4,100,0,12,0,50,55,0,0,6,77,27,27,0,1,377,13,2,2,59,22,6,19,39
2019,3,6,32,20,6,10,11,4,1,14,240,240,21,4,100,0,30,0,38,55,0,0,5,74,62,62,0,0,377,22,4,8,60,21,38,17,41
2019,4,12,25,10,6,29,26,4,5,7,240,240,79,4,100,0,17,0,29,55,0,2,5,62,34,34,4,0,377,20,3,2,60,25,20,24,37
2019,5,26,23,11,6,144,0,3,9,38,240,240,11,5,100,0,62,0,52,55,0,3,5,20,6,6,58,0,377,12,3,3,60,10,26,15,38
2019,6,28,30,10,6,97,0,4,4,35,240,230,22,4,100,2,62,0,76,55,0,3,8,18,6,6,60,0,377,20,2,2,60,19,18,16,40
2019,7,30,23,10,6,60,0,4,3,56,240,111,72,5,100,15,62,1,102,55,0,3,12,16,16,16,60,0,306,12,3,3,67,20,18,18,38
2019,8,29,24,13,6,8,11,3,3,26,240,107,10,4,100,30,62,7,84,55,0,53,33,15,27,27,60,0,151,17,2,2,122,19,18,30,37
2019,9,10,23,29,6,8,33,4,3,0,240,19,38,3,100,30,39,2,61,55,0,3,19,17,6,6,67,27,377,11,3,4,93,27,20,26,45
2019,10,7,23,28,15,8,0,3,3,19,240,10,10,4,100,36,23,2,98,55,0,8,11,75,6,6,120,28,377,23,3,41,60,52,19,25,38
2019,11,7,23,29,6,14,0,3,3,6,240,10,10,4,100,4,66,2,64,55,0,2,32,46,10,10,70,36,377,123,3,70,60,37,20,19,26
2019,12,6,24,16,15,8,0,9,3,3,240,10,18,4,100,2,62,1,50,55,0,2,22,10,9,9,55,30,377,113,2,14,67,44,20,15,14
2019,13,6,23,13,60,8,0,17,3,7,240,126,103,4,100,0,68,1,86,55,0,2,9,10,18,18,55,0,377,181,3,4,92,59,18,15,37
2019,14,17,24,30,60,18,1,14,3,0,240,19,127,10,100,0,62,2,8,55,0,2,5,51,72,72,55,0,377,107,3,2,60,73,19,15,38
2019,15,63,23,30,62,11,0,14,3,0,240,41,135,48,100,0,78,2,32,55,0,2,10,68,33,33,55,0,377,107,3,3,60,61,18,18,43
2019,16,3,23,29,26,12,36,13,4,0,240,145,85,13,100,0,27,2,37,55,0,2,5,10,6,6,55,0,186,106,2,2,60,61,6,16,21
2019,17,6,25,29,12,8,0,13,4,35,240,240,60,2,100,9,15,2,59,55,0,2,9,14,6,6,54,0,77,180,2,3,33,61,5,17,10
2019,18,22,25,29,69,8,0,14,4,54,240,172,44,2,100,0,13,2,116,55,0,2,16,36,6,6,8,0,77,200,1,2,7,47,3,30,15
2019,19,26,23,15,60,11,0,15,4,156,240,10,28,2,100,0,17,2,98,55,0,1,8,95,11,11,5,0,77,200,14,19,38,44,4,31,7
2019,20,25,23,14,23,16,0,13,3,152,240,148,10,4,100,0,33,2,88,55,0,0,20,70,9,9,3,0,77,106,2,2,19,42,6,22,6
2019,21,48,29,12,6,8,0,13,3,32,240,177,65,1,100,2,46,7,44,55,0,0,5,74,6,6,0,0,77,115,2,2,10,46,0,45,6
2019,22,35,26,10,6,14,1,13,3,31,240,209,138,3,100,0,12,8,32,55,0,0,14,74,7,7,34,0,77,108,3,3,37,53,2,31,6
2019,23,38,23,10,6,36,0,9,4,0,240,234,141,5,100,1,12,8,60,55,0,0,10,76,9,9,38,0,71,107,3,3,22,36,0,3,36
2019,24,29,23,28,6,97,0,4,3,3,240,218,184,1,100,2,12,8,87,55,0,0,8,76,20,20,2,0,69,107,1,2,0,10,0,15,9
2019,25,30,27,13,6,63,0,4,3,7,237,240,126,1,100,2,24,8,39,55,0,0,7,86,6,6,0,0,69,106,2,7,3,5,0,53,6
2019,26,19,24,10,6,8,0,4,4,0,188,240,58,1,100,1,47,8,2,55,0,0,8,77,9,9,0,0,69,106,2,2,3,15,0,45,8
2019,27,0,23,11,6,68,0,6,3,1,133,240,152,1,100,1,20,8,1,55,0,0,5,76,16,16,0,0,69,106,2,3,0,22,0,15,8
2019,28,2,23,11,6,103,5,1,14,0,218,240,138,1,100,2,0,8,0,55,0,0,5,76,33,33,0,21,69,122,1,2,1,22,1,25,7
2019,29,5,24,10,12,35,0,4,8,18,133,240,240,4,100,0,10,8,0,55,0,0,7,78,10,10,0,22,69,119,5,26,0,27,1,2,9
2019,30,3,25,10,60,29,0,8,3,6,145,240,218,1,100,2,23,9,0,55,0,0,5,74,15,15,0,24,70,106,4,9,0,22,2,2,10
2019,31,3,24,11,33,25,23,4,1,63,122,240,121,1,100,0,6,9,0,55,0,0,6,74,6,6,16,22,69,107,2,3,5,43,0,1,10
2019,32,21,26,10,26,18,25,1,0,13,67,240,240,1,100,0,21,8,0,55,0,0,6,77,10,10,0,4,69,108,2,2,2,23,0,1,37
2019,33,21,25,11,14,97,0,1,0,27,71,240,170,1,100,4,2,10,2,55,0,0,5,74,10,10,0,0,147,107,5,8,0,21,1,2,14
2019,34,25,26,10,7,134,15,10,0,19,144,240,125,6,100,0,2,8,19,55,0,0,6,74,6,6,0,0,149,108,4,2,0,24,0,17,18
2019,35,22,25,13,6,186,104,10,1,0,240,240,102,26,100,18,55,8,0,55,0,0,7,76,6,6,0,0,69,77,5,4,0,21,0,16,23
2019,36,11,24,31,32,159,104,10,2,7,240,197,18,1,100,0,39,8,5,55,0,0,5,78,8,8,0,0,69,13,8,13,7,25,0,15,31
2019,37,6,24,30,10,57,104,10,1,0,240,20,20,1,100,0,13,8,24,55,0,0,6,80,9,9,10,0,69,4,7,4,6,36,0,17,33
2019,38,5,24,29,8,119,104,6,1,39,240,20,46,1,100,4,24,8,2,55,0,0,5,81,6,6,0,0,69,14,10,22,0,57,0,2,31
2019,39,22,27,31,13,57,104,1,0,8,157,87,220,2,100,0,12,4,1,55,0,0,9,74,9,9,3,0,90,11,8,0,0,44,0,4,34
2019,40,8,25,31,6,66,104,2,0,20,11,21,240,2,100,5,17,4,3,55,0,0,5,74,15,15,0,0,246,4,7,3,0,44,1,1,34
2019,41,1,3,30,7,21,104,0,1,4,24,92,240,2,100,4,67,4,32,55,0,0,5,79,60,60,1,0,245,12,18,70,0,44,1,5,36
2019,42,6,26,29,10,14,71,1,3,6,142,13,240,2,100,0,89,3,12,55,0,0,6,78,59,59,3,0,377,4,6,0,1,44,0,20,46
2019,43,8,26,30,6,20,0,0,3,4,240,170,91,2,100,0,62,2,10,55,0,14,12,81,32,32,0,0,377,36,7,0,10,44,1,11,31
2019,44,5,1,30,10,45,18,0,3,170,119,240,10,14,100,33,62,3,4,55,0,0,6,80,9,9,12,0,377,106,5,0,0,49,0,15,33
2019,45,0,1,29,6,46,3,1,3,88,94,240,22,48,100,32,68,4,33,55,0,0,5,79,6,6,9,0,377,107,5,0,0,44,0,8,33
2019,46,1,30,29,6,12,0,0,3,306,77,240,111,7,100,32,62,2,44,55,0,6,7,77,6,6,23,0,377,107,5,0,0,56,1,6,31
2019,47,4,26,30,6,55,0,1,1,241,141,240,158,3,100,34,62,2,33,55,0,24,5,76,6,6,0,5,377,107,3,0,0,48,0,2,32
2019,48,4,36,30,6,8,0,0,1,38,240,240,185,4,100,32,75,3,36,55,0,33,8,74,7,7,1,2,377,151,3,0,16,27,0,15,33
2019,49,6,24,29,7,12,12,0,3,14,229,240,240,4,100,32,113,2,38,55,0,39,8,74,6,6,0,71,268,200,2,0,32,22,3,7,33
2019,50,28,25,12,8,18,19,1,12,19,240,236,240,6,100,19,105,4,32,55,0,7,14,76,6,15,6,112,178,83,1,0,0,22,10,0,33
2019,51,25,26,13,10,43,4,0,8,64,240,240,240,3,100,0,86,2,45,55,0,44,12,80,10,10,11,3,377,42,2,7,0,26,2,0,40
2019,52,21,24,12,6,8,0,0,0,64,240,240,240,3,100,0,62,2,32,55,0,51,5,74,6,6,0,0,377,4,1,3,0,22,0,0,31
2020,1,21,26,17,6,18,0,0,0,15,240,240,195,3,100,0,100,2,108,55,0,41,5,79,6,6,0,0,377,8,2,3,0,22,1,0,39
2020,2,7,24,12,9,31,13,0,0,8,92,240,33,15,100,0,185,3,73,55,0,2,6,91,10,10,0,0,377,3,15,63,19,22,2,2,42
2020,3,2,24,12,7,41,16,0,0,12,10,240,0,4,100,10,185,3,49,55,0,2,5,138,10,10,1,10,377,11,27,78,0,28,6,4,34
2020,4,0,29,10,6,30,23,0,2,19,96,240,5,5,0,5,109,2,40,55,0,2,8,112,14,14,8,28,377,9,27,78,0,24,38,15,37
2020,5,17,24,10,9,97,24,0,0,30,90,240,10,5,0,0,62,2,56,55,0,2,13,78,15,15,0,39,377,20,27,81,0,13,34,17,31
2020,6,2,24,10,6,97,22,3,0,32,115,212,24,4,0,0,181,8,32,55,0,5,8,77,7,7,5,30,377,14,27,78,0,15,18,16,31
2020,7,10,24,12,6,103,0,4,0,32,202,214,6,5,0,4,92,28,45,55,0,8,8,74,7,7,3,35,274,8,27,78,18,30,18,20,32
2020,8,3,25,10,6,97,0,11,1,14,240,240,0,9,0,6,62,26,69,55,0,2,5,59,10,10,0,0,57,20,27,78,24,101,18,30,32
2020,9,6,29,12,20,97,25,11,1,14,181,240,3,9,0,1,96,2,74,55,0,2,5,31,20,20,0,0,149,6,27,78,29,89,18,22,36
2020,10,24,24,11,12,97,104,13,3,12,60,240,86,8,0,2,110,2,99,55,0,2,11,47,9,9,2,0,377,8,27,81,23,24,20,14,29
2020,11,22,26,10,37,97,104,16,1,79,76,240,1,8,0,10,177,2,69,55,0,2,5,42,10,10,0,0,377,6,27,78,16,30,18,15,11
2020,12,24,24,11,58,97,105,16,0,86,21,240,34,9,0,3,146,3,77,55,0,2,13,47,17,17,0,0,377,17,27,80,24,26,18,15,2
2020,13,21,24,10,7,97,104,13,0,12,199,240,183,23,0,0,119,2,92,55,0,2,7,31,6,6,0,0,377,5,27,78,16,20,18,15,2
2020,14,22,24,10,6,97,105,13,1,5,201,240,240,22,0,0,93,2,101,55,0,2,6,36,7,7,0,0,377,5,27,78,40,19,18,16,7
2020,15,21,24,10,6,97,106,13,0,7,240,240,218,6,0,0,66,2,70,55,0,2,6,33,6,6,0,0,377,6,27,78,1,20,2,16,16
2020,16,25,24,11,6,97,104,5,0,8,240,240,192,7,0,7,103,2,50,55,0,2,5,33,6,6,0,0,377,6,27,78,2,21,0,16,5
2020,17,8,24,10,6,97,105,3,0,3,240,217,169,7,0,18,73,2,61,55,0,2,5,31,6,6,0,0,377,6,27,82,7,21,0,16,0
2020,18,2,24,11,6,97,104,3,1,6,240,240,50,9,0,0,62,3,52,55,0,2,6,42,8,8,14,2,377,6,27,77,24,21,3,22,1
2020,19,24,24,14,6,102,104,9,1,0,240,240,35,7,0,0,72,2,33,55,0,2,8,31,11,11,55,0,377,5,27,76,3,26,2,19,26
2020,20,28,26,11,12,97,90,4,0,0,240,180,20,7,0,0,78,2,51,55,0,2,12,38,8,8,54,0,377,14,27,76,0,28,2,19,31
2020,21,12,37,10,60,99,9,4,4,0,181,74,103,7,0,16,180,2,70,55,0,0,32,34,6,6,22,32,377,13,27,76,3,22,2,19,20
2020,22,6,24,10,60,97,0,3,5,0,118,240,33,3,0,2,205,2,92,55,0,0,33,31,6,6,0,31,358,5,27,77,3,22,0,30,31
2020,23,2,24,11,60,97,24,2,0,0,18,240,90,2,0,4,187,3,124,55,0,0,32,31,6,6,0,27,57,6,27,76,0,21,0,30,19
2020,24,1,24,11,20,97,2,0,2,0,1,240,27,1,0,5,194,3,117,55,0,0,34,35,6,6,0,31,51,9,27,63,0,22,0,21,32
2020,25,2,24,10,6,107,11,0,4,1,0,240,10,2,0,2,185,2,109,55,0,0,34,34,10,10,0,0,39,5,19,5,0,21,0,18,24
2020,26,5,29,10,6,102,12,0,0,7,8,150,111,2,0,19,185,2,106,55,0,0,32,49,10,10,0,0,39,36,0,4,0,14,0,30,32
2020,27,1,9,10,6,97,0,0,3,78,74,10,175,3,0,3,191,2,83,55,0,8,12,36,17,17,0,5,39,38,1,5,0,16,0,21,32
2020,28,1,0,11,6,52,9,1,5,2,51,208,130,1,0,1,185,2,44,55,0,0,5,35,10,10,0,27,39,28,1,4,0,18,1,15,10
2020,29,6,0,11,6,97,8,0,1,2,10,240,240,2,0,8,185,2,37,55,0,12,5,37,19,19,6,29,39,15,1,5,0,9,0,3,2
2020,30,9,13,10,6,47,36,0,1,0,46,240,240,5,0,8,133,3,32,55,0,25,5,35,58,58,3,28,39,34,0,4,0,5,1,2,0
2020,31,7,19,11,8,8,7,0,0,8,43,240,240,1,0,1,92,3,36,55,0,0,7,36,26,26,0,35,39,13,0,4,0,2,1,1,0
2020,32,30,13,11,10,8,0,0,1,19,177,240,88,1,0,2,62,2,48,55,0,4,5,63,19,19,0,1,39,12,0,4,0,11,0,3,0
2020,33,29,24,11,9,18,0,0,0,26,182,240,19,6,0,0,138,2,57,55,0,9,6,48,58,58,3,0,39,8,1,5,1,42,0,3,3
2020,34,27,23,15,22,43,10,0,1,59,7,240,129,1,0,0,31,3,62,55,0,0,6,74,26,26,0,0,247,9,1,6,11,19,0,3,0
2020,35,27,0,29,60,8,104,0,3,50,17,240,159,1,0,0,15,2,68,55,0,0,5,75,9,9,0,0,39,52,9,40,4,3,0,0,3
2020,36,28,5,29,60,71,66,4,1,47,28,240,1,1,0,0,15,2,72,55,0,0,8,74,6,6,0,0,39,106,7,14,3,28,0,2,3
2020,37,33,26,29,60,39,104,7,2,4,28,240,1,1,0,2,16,2,69,55,0,0,7,76,6,6,0,0,39,131,7,12,0,59,0,0,2
2020,38,34,24,30,60,17,110,11,15,5,164,183,7,1,0,2,25,2,96,55,0,0,8,74,19,19,0,6,39,113,7,11,1,56,18,1,1
2020,39,28,9,29,79,8,104,1,15,8,192,143,58,22,0,2,60,2,111,55,0,4,18,74,58,58,0,0,88,109,8,12,0,49,0,0,21
2020,40,27,0,29,49,8,178,2,7,4,40,181,158,48,0,0,0,4,88,55,0,0,10,91,26,26,0,2,88,75,7,12,0,60,0,0,31
2020,41,27,1,29,60,8,224,8,1,75,87,10,240,19,0,0,0,2,81,55,0,0,5,76,10,10,0,0,100,5,7,74,0,49,2,2,32
2020,42,29,0,29,60,12,224,8,4,3,59,175,240,3,0,2,0,3,125,55,0,0,6,74,12,12,0,0,233,5,6,35,0,29,2,2,4
2020,43,34,0,30,60,8,185,3,2,2,11,217,217,3,0,0,61,2,92,55,0,0,6,74,11,11,0,0,377,5,8,18,0,29,1,16,3
2020,44,65,0,29,60,33,104,4,2,20,111,240,15,3,0,6,60,3,82,55,0,12,5,76,6,6,0,0,377,5,27,75,0,24,1,15,6
2020,45,29,0,29,51,71,134,3,3,54,87,240,43,3,0,34,64,3,101,55,0,51,7,74,7,7,14,0,293,14,27,84,9,19,0,7,12
2020,46,33,2,29,14,132,204,3,0,102,10,240,240,4,0,32,62,3,114,55,0,39,5,74,6,6,25,0,217,17,27,74,7,12,0,1,7
2020,47,28,5,31,13,97,104,3,0,71,30,240,240,4,0,32,58,3,135,55,0,51,5,81,9,9,0,0,39,8,27,16,5,22,18,0,3
2020,48,28,3,29,10,46,104,3,1,86,94,240,240,3,0,32,62,2,82,55,0,52,9,74,6,6,4,0,88,10,27,14,3,23,18,0,0
2020,49,27,1,15,6,18,106,5,6,265,19,240,157,2,0,32,93,7,70,55,0,51,8,61,19,19,0,0,39,17,27,74,22,19,18,0,0
2020,50,27,2,18,9,33,112,7,9,117,151,240,193,3,0,15,69,5,77,55,0,51,5,35,58,58,5,0,39,6,27,3,22,24,18,1,1
2020,51,30,1,14,10,28,186,4,3,49,240,186,165,4,0,6,13,3,69,55,0,31,11,39,27,27,0,0,39,10,4,12,0,22,0,2,4
2020,52,29,0,10,6,11,104,6,1,9,240,240,183,3,0,0,12,3,67,55,0,25,5,33,6,6,0,0,39,15,2,9,0,23,0,1,0
2021,1,30,0,10,6,8,104,3,0,9,240,240,101,3,0,0,54,2,67,55,0,25,5,31,6,6,0,0,39,5,3,9,0,21,0,0,0
2021,2,35,5,10,6,55,142,3,1,41,211,240,11,4,0,1,54,2,114,55,0,30,5,65,34,34,0,0,87,6,19,10,0,23,0,4,12
2021,3,49,5,12,6,97,104,8,4,44,32,240,12,3,0,21,72,2,111,55,0,38,6,95,39,39,0,0,87,11,27,22,0,22,1,4,38
2021,4,26,0,11,6,97,104,8,4,16,85,240,12,3,0,36,86,3,103,55,0,37,8,97,14,14,0,3,87,22,26,24,10,20,0,1,31
2021,5,22,0,10,9,126,104,8,4,46,20,45,12,3,0,36,59,2,112,55,0,44,5,99,10,10,4,5,377,6,2,18,0,13,1,7,31
2021,6,23,0,12,6,102,104,7,4,74,18,18,171,4,0,36,54,14,119,55,0,16,5,99,8,8,0,25,377,8,2,0,18,29,7,40,31
2021,7,23,15,20,7,129,104,8,7,32,15,158,114,4,0,39,71,33,130,55,0,4,6,95,6,6,0,32,377,9,2,0,39,51,18,46,17
2021,8,21,0,10,6,118,104,11,6,52,32,173,18,3,0,36,57,21,113,55,0,0,5,101,50,50,0,28,377,10,2,0,32,28,19,36,6
2021,9,35,0,11,10,103,104,15,4,95,106,10,12,4,0,38,57,2,118,55,0,1,6,65,21,21,0,26,377,15,3,0,4,22,18,30,16
2021,10,22,4,11,35,103,104,20,11,32,0,18,110,3,0,36,64,6,139,55,0,4,5,95,6,6,104,0,377,13,4,8,0,27,18,36,31
2021,11,23,0,11,60,108,104,19,11,37,1,107,10,9,0,44,53,2,138,55,0,4,5,99,43,43,120,0,377,10,3,0,0,46,21,34,31
2021,12,23,0,10,60,98,104,18,4,172,217,2,0,6,0,35,60,3,128,55,0,3,6,95,30,30,82,0,373,10,2,0,0,44,18,27,9
2021,13,2,0,10,60,97,104,10,4,102,135,11,0,7,0,40,147,2,142,55,0,2,6,40,58,58,48,0,65,36,4,0,6,44,19,35,3
2021,14,5,0,10,60,97,104,10,4,385,7,149,0,3,0,36,54,2,138,55,0,0,5,41,58,58,0,0,40,11,3,0,0,44,10,35,0
2021,15,11,0,20,60,97,104,1,5,385,0,39,2,8,0,36,109,3,145,55,0,0,6,37,58,58,0,0,365,13,2,0,0,48,5,32,4
2021,16,32,12,27,60,98,113,0,7,385,0,8,3,2,0,35,166,3,171,55,0,0,19,60,58,58,0,10,206,12,2,0,0,66,18,38,2
2021,17,34,14,29,60,97,104,0,7,385,0,5,5,1,0,4,58,6,130,55,0,0,32,95,59,59,0,0,39,20,2,0,0,66,17,48,0
2021,18,27,12,29,60,62,104,0,8,137,2,5,5,1,0,20,54,2,107,55,0,0,32,95,12,12,0,0,39,23,2,0,34,71,5,48,2
2021,19,18,24,29,14,55,104,0,5,4,4,4,24,41,0,1,80,2,106,55,0,0,40,104,34,34,49,0,39,9,2,0,19,49,0,57,5
2021,20,7,25,30,35,73,104,0,4,1,7,83,4,6,0,5,58,2,109,55,0,0,21,53,58,58,55,0,39,21,4,0,36,24,16,50,2
2021,21,36,24,30,60,10,104,1,3,0,99,4,4,2,0,4,73,2,103,55,0,0,19,31,56,56,55,0,40,10,4,0,42,28,17,52,0
2021,22,31,20,31,60,160,104,0,3,0,4,4,82,1,0,4,64,3,69,55,0,0,32,35,34,34,55,0,39,78,2,0,0,3,1,30,0
2021,23,27,0,29,60,105,104,0,4,0,132,4,4,2,0,12,73,3,88,55,0,0,8,35,58,58,55,0,39,105,2,0,10,11,1,30,1
2021,24,32,19,26,9,99,104,0,11,0,67,7,4,1,0,9,68,3,80,55,0,0,19,66,12,11,33,0,39,21,2,0,56,22,0,30,19
2021,25,37,0,10,6,97,113,0,12,0,88,4,4,6,0,13,50,2,98,55,0,0,23,97,8,8,0,0,39,20,2,0,0,19,0,30,20
2021,26,27,0,10,35,97,104,0,13,0,68,128,4,1,0,4,74,2,39,55,0,0,5,49,9,9,3,0,40,11,2,0,1,16,2,36,0
2021,27,15,0,10,60,97,104,0,7,0,92,18,26,1,0,4,63,2,73,55,0,0,6,46,42,42,0,0,39,10,2,0,0,16,0,31,2
2021,28,6,0,10,60,97,104,0,2,4,43,4,210,2,0,4,72,2,47,55,0,1,6,35,17,17,6,0,39,12,2,0,0,18,0,46,0
2021,29,6,0,10,60,97,104,0,7,11,164,74,188,1,0,6,85,2,58,55,0,0,5,65,10,10,1,0,39,6,2,0,0,21,0,34,2
2021,30,1,0,10,60,97,104,0,3,0,229,240,87,2,0,7,145,2,40,55,0,0,5,97,7,7,0,0,36,42,2,0,0,12,1,30,1
2021,31,6,4,10,60,97,125,0,7,0,191,240,18,1,0,22,134,2,3,55,0,0,5,61,34,34,0,0,275,2,2,0,6,12,0,30,0
2021,32,1,1,11,60,97,104,0,6,0,39,114,208,1,0,4,104,2,7,55,0,0,6,66,58,58,0,0,377,4,3,0,6,19,0,30,2
2021,33,0,0,10,59,97,104,0,1,0,70,159,188,1,0,4,104,2,37,55,0,0,5,31,58,58,19,0,377,23,4,0,0,25,0,30,17
2021,34,1,0,10,6,97,111,0,0,0,92,240,64,1,0,4,104,2,75,55,0,0,5,26,58,58,0,0,377,10,5,13,0,28,0,30,30
2021,35,0,0,11,21,97,104,1,7,0,155,240,240,1,0,4,104,2,68,55,0,0,6,49,58,58,0,0,377,12,3,0,0,21,0,30,13
2021,36,6,0,10,42,97,104,0,11,0,165,240,240,1,0,4,104,2,68,55,0,0,6,76,58,58,0,0,377,16,9,41,0,20,1,30,1
2021,37,6,0,11,6,97,116,0,11,21,160,240,240,18,0,7,164,2,77,55,0,0,6,59,45,45,2,0,377,24,15,49,0,22,0,30,6
2021,38,19,0,10,10,142,104,0,10,3,240,195,157,6,0,4,104,4,81,55,0,0,6,28,13,13,0,0,377,27,13,74,0,20,1,30,3
2021,39,28,0,11,17,97,111,0,1,32,154,240,240,5,0,4,110,5,108,55,0,0,5,31,6,6,3,23,377,24,13,74,0,16,9,30,0
2021,40,27,0,10,6,97,104,2,1,12,217,240,240,4,0,5,104,3,50,55,0,27,5,31,6,6,0,29,377,13,13,74,2,26,0,30,16
2021,41,33,0,10,10,97,118,0,1,0,240,240,214,2,0,4,104,3,24,55,0,51,7,34,34,34,0,19,377,14,26,74,0,22,0,31,29
2021,42,5,0,10,36,97,153,0,6,21,240,240,226,2,0,9,105,2,38,55,0,4,20,27,58,58,0,0,377,12,26,80,0,22,0,33,14
2021,43,7,1,10,6,99,115,0,2,0,240,240,240,3,0,9,104,2,0,55,0,0,32,26,58,58,2,22,377,13,14,74,6,29,1,30,16
2021,44,10,12,10,6,97,104,2,0,39,240,240,240,38,0,5,104,2,34,55,0,0,38,28,58,58,0,0,377,104,14,74,6,21,1,30,17
2021,45,17,24,10,12,106,104,1,0,86,240,240,215,7,0,4,81,3,15,55,0,0,32,29,58,58,0,0,377,183,14,74,0,32,1,30,31
2021,46,27,12,12,60,128,104,2,0,31,240,240,216,3,0,4,128,3,59,55,0,0,34,28,11,11,0,5,377,200,14,74,0,49,2,30,31
2021,47,28,22,12,60,55,104,1,0,1,240,240,202,3,0,5,80,2,32,55,0,0,23,26,11,11,0,20,377,200,14,74,3,42,4,30,31
2021,48,58,15,10,10,100,104,0,0,34,240,240,240,23,0,21,78,1,39,55,0,0,5,26,34,34,5,46,377,179,14,74,0,42,0,16,33
2021,49,33,0,15,6,92,104,0,0,38,240,240,240,48,0,36,80,0,48,55,0,0,17,52,58,58,0,28,377,116,14,74,0,42,0,15,32
2021,50,31,0,14,6,93,105,0,1,46,240,240,240,10,0,25,98,2,120,55,0,10,11,30,49,49,0,27,377,115,15,78,0,56,15,15,45
2021,51,27,0,10,8,13,129,1,2,222,170,240,240,5,0,19,61,2,87,55,0,0,6,30,6,6,0,0,377,109,14,74,0,55,2,16,41
2021,52,27,0,10,6,8,104,1,0,193,143,240,240,5,0,0,55,2,69,55,0,0,5,26,6,6,0,0,377,108,14,74,0,41,0,15,23
2022,1,28,0,10,6,8,104,0,0,9,240,240,240,5,0,0,54,3,67,55,0,0,5,26,6,6,0,0,377,108,14,74,0,41,0,15,55
2022,2,27,0,10,8,68,108,0,0,7,92,240,240,7,0,0,128,2,99,55,0,0,6,38,10,10,0,26,377,110,14,74,0,41,0,15,57
2022,3,30,0,10,9,100,115,0,0,26,181,240,83,4,0,2,84,7,111,55,0,0,23,36,7,7,0,22,377,122,14,74,1,115,2,25,1
2022,4,28,0,10,6,48,104,1,0,46,93,240,16,7,0,0,99,3,88,55,0,0,27,30,12,12,0,35,377,109,14,74,6,127,1,30,4
2022,5,6,0,10,10,8,146,0,0,146,10,240,26,8,0,0,104,22,93,55,0,0,7,29,35,35,0,13,377,109,14,74,0,62,0,28,0
2022,6,51,14,10,14,13,104,0,2,14,100,153,240,20,0,1,115,2,138,55,0,0,6,42,58,58,2,0,377,110,15,78,9,61,0,21,0
2022,7,6,0,23,10,15,106,0,0,7,47,181,240,4,0,1,175,2,138,55,0,0,5,26,56,56,0,0,377,108,14,74,0,60,1,30,7
2022,8,30,8,29,6,8,104,2,1,6,84,109,240,4,0,0,227,2,122,55,0,0,5,49,28,28,0,0,377,110,6,2,30,84,0,30,0
2022,9,1,18,30,9,8,104,0,2,4,240,191,140,5,0,19,231,2,136,55,0,0,5,36,9,9,78,0,237,200,3,0,0,74,1,30,5
2022,10,1,18,30,6,8,104,0,2,4,240,240,66,7,0,10,223,2,53,55,0,0,5,35,39,39,55,0,24,200,2,0,0,43,1,30,16
2022,11,21,0,27,11,8,109,0,0,4,230,240,85,4,0,0,108,2,51,55,0,0,6,26,6,6,55,0,20,200,1,0,48,42,0,31,31
2022,12,1,16,20,9,68,104,1,0,9,159,164,87,3,0,0,181,7,40,55,0,0,9,26,6,6,55,0,31,200,1,0,56,42,0,29,30
2022,13,50,25,20,11,97,104,0,0,4,240,68,56,3,0,0,115,3,55,55,0,0,17,27,8,8,55,0,377,200,1,0,60,40,0,26,15
2022,14,13,25,10,6,97,104,15,3,2,109,141,55,39,0,0,72,2,49,55,0,0,23,26,8,8,55,0,265,200,0,1,31,43,0,30,0
2022,15,7,19,11,6,97,104,22,2,0,117,240,10,2,0,2,54,4,45,55,0,34,12,26,17,17,55,0,18,200,1,1,0,42,12,30,6
2022,16,19,0,13,6,97,104,20,3,1,146,240,9,2,0,0,54,10,45,55,0,50,5,26,6,6,55,0,24,200,1,1,0,40,0,30,5
2022,17,7,0,10,6,98,114,20,6,0,240,64,33,2,0,0,80,18,26,55,0,50,5,33,17,17,55,0,377,188,9,55,32,25,3,31,2
2022,18,13,2,10,6,97,104,20,4,9,240,10,28,1,0,8,146,33,11,55,0,50,6,69,6,6,55,0,377,106,4,30,4,39,0,30,0
2022,19,20,0,12,6,102,111,20,3,3,240,21,52,1,0,2,227,31,28,55,0,50,13,90,15,15,55,0,377,107,0,2,0,51,0,31,15
2022,20,6,0,10,11,102,104,20,3,1,190,240,118,3,0,0,205,3,74,55,0,50,7,88,21,21,30,13,218,110,1,4,6,22,3,30,3
2022,21,14,0,14,6,97,104,20,4,10,82,240,83,1,0,1,104,7,31,55,0,30,10,32,41,41,0,13,25,108,8,48,5,24,3,38,1
2022,22,22,3,10,6,97,127,10,3,0,240,240,122,2,0,4,115,2,18,55,0,0,5,28,58,58,37,10,25,110,0,1,0,22,0,30,0
2022,23,1,0,15,7,102,104,10,4,11,240,240,184,2,0,2,104,2,0,55,0,0,5,26,56,56,55,24,22,114,0,2,7,22,18,30,0
2022,24,7,0,10,6,97,104,10,3,97,207,240,240,2,0,0,139,2,6,55,0,0,6,26,6,6,29,20,21,114,1,4,0,22,7,30,1
2022,25,16,0,10,6,97,104,10,2,0,187,240,114,1,0,12,129,6,0,55,0,0,6,29,6,6,0,38,13,137,2,2,0,22,0,30,4
2022,26,3,4,12,7,97,104,10,1,0,206,240,119,1,0,0,132,2,20,55,0,0,10,49,6,6,0,63,15,112,2,2,0,22,0,30,0
2022,27,2,7,10,12,97,128,10,0,0,100,240,234,0,0,4,104,2,1,55,0,0,5,30,11,11,0,63,15,108,2,1,0,22,2,30,1
2022,28,4,0,16,6,97,104,10,19,26,240,240,156,0,0,4,104,2,7,55,0,0,6,43,15,15,0,63,22,114,4,8,1,23,0,30,2
2022,29,2,0,11,13,97,104,10,19,56,240,240,194,0,0,11,107,2,5,55,0,0,5,29,12,12,0,64,14,113,4,10,0,14,1,22,0
2022,30,1,0,10,6,59,104,0,9,82,240,240,121,0,0,4,104,2,0,55,0,0,7,48,10,10,0,75,19,109,1,0,0,2,0,16,1
2022,31,2,0,10,6,35,104,0,9,84,110,240,129,6,0,23,102,2,6,55,0,0,5,43,15,15,5,65,76,108,1,0,0,2,2,15,0
2022,32,2,0,10,12,13,104,0,10,79,23,214,163,3,0,32,53,2,0,55,0,0,6,31,12,12,0,66,375,121,1,0,51,2,0,15,1
2022,33,0,0,10,6,19,104,0,7,56,196,10,240,12,0,33,55,2,12,55,0,0,5,26,6,6,1,66,377,134,1,0,5,4,1,18,1
2022,34,6,0,10,7,8,104,6,8,96,240,167,166,2,0,34,59,2,30,55,0,0,5,26,6,6,0,64,377,109,1,0,0,8,0,15,0
2022,35,6,0,11,12,8,5,9,17,97,199,240,135,1,0,34,61,2,0,55,0,0,9,26,41,41,0,68,377,107,3,11,0,11,2,15,10
2022,36,14,0,11,6,8,0,8,11,99,161,240,68,1,0,33,88,2,10,55,0,0,8,27,57,58,0,74,377,109,21,72,0,2,0,25,16
2022,37,22,1,11,6,8,0,8,12,63,233,240,113,1,0,33,104,2,8,55,0,0,11,26,49,49,29,62,377,112,0,15,16,2,0,29,29
2022,38,22,4,14,6,8,71,8,14,50,240,240,185,1,0,33,101,2,44,55,0,0,9,33,19,19,34,23,377,108,5,38,0,21,0,44,2
2022,39,21,0,10,31,8,0,16,14,198,212,240,138,48,0,32,96,3,39,55,0,0,32,58,20,20,0,25,377,108,1,0,5,37,0,25,15
2022,40,19,7,11,42,12,35,19,14,172,127,240,222,47,0,32,77,2,66,55,0,32,32,29,25,25,8,20,377,109,1,0,0,36,3,30,0
2022,41,1,0,10,35,10,0,19,10,87,240,240,240,7,0,32,60,2,68,55,0,31,32,59,15,15,0,24,377,107,2,2,0,26,17,31,2
2022,42,6,0,13,6,8,37,10,4,94,239,240,239,1,0,34,54,11,76,55,0,25,32,62,8,8,0,31,377,109,1,0,1,52,0,27,0
2022,43,2,0,10,6,12,0,8,5,60,240,240,232,6,0,32,69,3,117,55,0,0,32,26,9,9,0,23,377,108,1,0,6,59,4,16,0
2022,44,0,0,0,0,0,0,0,0,0,0,0,0,0,0,0,0,0,0,0,0,0,0,0,0,0,0,0,0,0,0,0,0,0,0,0,0
2022,45,0,0,0,0,0,0,0,0,0,0,0,0,0,0,0,0,0,0,0,0,0,0,0,0,0,0,0,0,0,0,0,0,0,0,0,0
2022,46,0,0,0,0,0,0,0,0,0,0,0,0,0,0,0,0,0,0,0,0,0,0,0,0,0,0,0,0,0,0,0,0,0,0,0,0
2022,47,0,0,0,0,0,0,0,0,0,0,0,0,0,0,0,0,0,0,0,0,0,0,0,0,0,0,0,0,0,0,0,0,0,0,0,0
2022,48,0,0,0,0,0,0,0,0,0,0,0,0,0,0,0,0,0,0,0,0,0,0,0,0,0,0,0,0,0,0,0,0,0,0,0,0
2022,49,0,0,0,0,0,0,0,0,0,0,0,0,0,0,0,0,0,0,0,0,0,0,0,0,0,0,0,0,0,0,0,0,0,0,0,0
2022,50,0,0,0,0,0,0,0,0,0,0,0,0,0,0,0,0,0,0,0,0,0,0,0,0,0,0,0,0,0,0,0,0,0,0,0,0
2022,51,0,0,0,0,0,0,0,0,0,0,0,0,0,0,0,0,0,0,0,0,0,0,0,0,0,0,0,0,0,0,0,0,0,0,0,0
2022,52,0,0,0,0,0,0,0,0,0,0,0,0,0,0,0,0,0,0,0,0,0,0,0,0,0,0,0,0,0,0,0,0,0,0,0,0
2023,1,0,0,0,0,0,0,0,0,0,0,0,0,0,0,0,0,0,0,0,0,0,0,0,0,0,0,0,0,0,0,0,0,0,0,0,0
2023,2,0,0,0,0,0,0,0,0,0,0,0,0,0,0,0,0,0,0,0,0,0,0,0,0,0,0,0,0,0,0,0,0,0,0,0,0
2023,3,0,0,0,0,0,0,0,0,0,0,0,0,0,0,0,0,0,0,0,0,0,0,0,0,0,0,0,0,0,0,0,0,0,0,0,0
2023,4,0,0,0,0,0,0,0,0,0,0,0,0,0,0,0,0,0,0,0,0,0,0,0,0,0,0,0,0,0,0,0,0,0,0,0,0
2023,5,0,0,0,0,0,0,0,0,0,0,0,0,0,0,0,0,0,0,0,0,0,0,0,0,0,0,0,0,0,0,0,0,0,0,0,0
2023,6,0,0,0,0,0,0,0,0,0,0,0,0,0,0,0,0,0,0,0,0,0,0,0,0,0,0,0,0,0,0,0,0,0,0,0,0
2023,7,0,0,0,0,0,0,0,0,0,0,0,0,0,0,0,0,0,0,0,0,0,0,0,0,0,0,0,0,0,0,0,0,0,0,0,0
2023,8,0,0,0,0,0,0,0,0,0,0,0,0,0,0,0,0,0,0,0,0,0,0,0,0,0,0,0,0,0,0,0,0,0,0,0,0
2023,9,0,0,0,0,0,0,0,0,0,0,0,0,0,0,0,0,0,0,0,0,0,0,0,0,0,0,0,0,0,0,0,0,0,0,0,0
2023,10,0,0,0,0,0,0,0,0,0,0,0,0,0,0,0,0,0,0,0,0,0,0,0,0,0,0,0,0,0,0,0,0,0,0,0,0
2023,11,0,0,0,0,0,0,0,0,0,0,0,0,0,0,0,0,0,0,0,0,0,0,0,0,0,0,0,0,0,0,0,0,0,0,0,0
2023,12,0,0,0,0,0,0,0,0,0,0,0,0,0,0,0,0,0,0,0,0,0,0,0,0,0,0,0,0,0,0,0,0,0,0,0,0
2023,13,0,0,0,0,0,0,0,0,0,0,0,0,0,0,0,0,0,0,0,0,0,0,0,0,0,0,0,0,0,0,0,0,0,0,0,0
2023,14,0,0,0,0,0,0,0,0,0,0,0,0,0,0,0,0,0,0,0,0,0,0,0,0,0,0,0,0,0,0,0,0,0,0,0,0
2023,15,0,0,0,0,0,0,0,0,0,0,0,0,0,0,0,0,0,0,0,0,0,0,0,0,0,0,0,0,0,0,0,0,0,0,0,0
2023,16,0,0,0,0,0,0,0,0,0,0,0,0,0,0,0,0,0,0,0,0,0,0,0,0,0,0,0,0,0,0,0,0,0,0,0,0
2023,17,0,0,0,0,0,0,0,0,0,0,0,0,0,0,0,0,0,0,0,0,0,0,0,0,0,0,0,0,0,0,0,0,0,0,0,0
2023,18,0,0,0,0,0,0,0,0,0,0,0,0,0,0,0,0,0,0,0,0,0,0,0,0,0,0,0,0,0,0,0,0,0,0,0,0
2023,19,0,0,0,0,0,0,0,0,0,0,0,0,0,0,0,0,0,0,0,0,0,0,0,0,0,0,0,0,0,0,0,0,0,0,0,0
2023,20,0,0,0,0,0,0,0,0,0,0,0,0,0,0,0,0,0,0,0,0,0,0,0,0,0,0,0,0,0,0,0,0,0,0,0,0
2023,21,0,0,0,0,0,0,0,0,0,0,0,0,0,0,0,0,0,0,0,0,0,0,0,0,0,0,0,0,0,0,0,0,0,0,0,0
2023,22,0,0,0,0,0,0,0,0,0,0,0,0,0,0,0,0,0,0,0,0,0,0,0,0,0,0,0,0,0,0,0,0,0,0,0,0
2023,23,0,0,0,0,0,0,0,0,0,0,0,0,0,0,0,0,0,0,0,0,0,0,0,0,0,0,0,0,0,0,0,0,0,0,0,0
2023,24,0,0,0,0,0,0,0,0,0,0,0,0,0,0,0,0,0,0,0,0,0,0,0,0,0,0,0,0,0,0,0,0,0,0,0,0
2023,25,0,0,0,0,0,0,0,0,0,0,0,0,0,0,0,0,0,0,0,0,0,0,0,0,0,0,0,0,0,0,0,0,0,0,0,0
2023,26,0,0,0,0,0,0,0,0,0,0,0,0,0,0,0,0,0,0,0,0,0,0,0,0,0,0,0,0,0,0,0,0,0,0,0,0
2023,27,0,0,0,0,0,0,0,0,0,0,0,0,0,0,0,0,0,0,0,0,0,0,0,0,0,0,0,0,0,0,0,0,0,0,0,0
2023,28,0,0,0,0,0,0,0,0,0,0,0,0,0,0,0,0,0,0,0,0,0,0,0,0,0,0,0,0,0,0,0,0,0,0,0,0
2023,29,0,0,0,0,0,0,0,0,0,0,0,0,0,0,0,0,0,0,0,0,0,0,0,0,0,0,0,0,0,0,0,0,0,0,0,0
2023,30,0,0,0,0,0,0,0,0,0,0,0,0,0,0,0,0,0,0,0,0,0,0,0,0,0,0,0,0,0,0,0,0,0,0,0,0
2023,31,0,0,0,0,0,0,0,0,0,0,0,0,0,0,0,0,0,0,0,0,0,0,0,0,0,0,0,0,0,0,0,0,0,0,0,0
2023,32,0,0,0,0,0,0,0,0,0,0,0,0,0,0,0,0,0,0,0,0,0,0,0,0,0,0,0,0,0,0,0,0,0,0,0,0
2023,33,0,0,0,0,0,0,0,0,0,0,0,0,0,0,0,0,0,0,0,0,0,0,0,0,0,0,0,0,0,0,0,0,0,0,0,0
2023,34,0,0,0,0,0,0,0,0,0,0,0,0,0,0,0,0,0,0,0,0,0,0,0,0,0,0,0,0,0,0,0,0,0,0,0,0
2023,35,0,0,0,0,0,0,0,0,0,0,0,0,0,0,0,0,0,0,0,0,0,0,0,0,0,0,0,0,0,0,0,0,0,0,0,0
2023,36,0,0,0,0,0,0,0,0,0,0,0,0,0,0,0,0,0,0,0,0,0,0,0,0,0,0,0,0,0,0,0,0,0,0,0,0
2023,37,0,0,0,0,0,0,0,0,0,0,0,0,0,0,0,0,0,0,0,0,0,0,0,0,0,0,0,0,0,0,0,0,0,0,0,0
2023,38,0,0,0,0,0,0,0,0,0,0,0,0,0,0,0,0,0,0,0,0,0,0,0,0,0,0,0,0,0,0,0,0,0,0,0,0
2023,39,0,0,0,0,0,0,0,0,0,0,0,0,0,0,0,0,0,0,0,0,0,0,0,0,0,0,0,0,0,0,0,0,0,0,0,0
2023,40,0,0,0,0,0,0,0,0,0,0,0,0,0,0,0,0,0,0,0,0,0,0,0,0,0,0,0,0,0,0,0,0,0,0,0,0
2023,41,0,0,0,0,0,0,0,0,0,0,0,0,0,0,0,0,0,0,0,0,0,0,0,0,0,0,0,0,0,0,0,0,0,0,0,0
2023,42,0,0,0,0,0,0,0,0,0,0,0,0,0,0,0,0,0,0,0,0,0,0,0,0,0,0,0,0,0,0,0,0,0,0,0,0
2023,43,0,0,0,0,0,0,0,0,0,0,0,0,0,0,0,0,0,0,0,0,0,0,0,0,0,0,0,0,0,0,0,0,0,0,0,0
2023,44,0,0,0,0,0,0,0,0,0,0,0,0,0,0,0,0,0,0,0,0,0,0,0,0,0,0,0,0,0,0,0,0,0,0,0,0
2023,45,0,0,0,0,0,0,0,0,0,0,0,0,0,0,0,0,0,0,0,0,0,0,0,0,0,0,0,0,0,0,0,0,0,0,0,0
2023,46,0,0,0,0,0,0,0,0,0,0,0,0,0,0,0,0,0,0,0,0,0,0,0,0,0,0,0,0,0,0,0,0,0,0,0,0
2023,47,0,0,0,0,0,0,0,0,0,0,0,0,0,0,0,0,0,0,0,0,0,0,0,0,0,0,0,0,0,0,0,0,0,0,0,0
2023,48,0,0,0,0,0,0,0,0,0,0,0,0,0,0,0,0,0,0,0,0,0,0,0,0,0,0,0,0,0,0,0,0,0,0,0,0
2023,49,0,0,0,0,0,0,0,0,0,0,0,0,0,0,0,0,0,0,0,0,0,0,0,0,0,0,0,0,0,0,0,0,0,0,0,0
2023,50,0,0,0,0,0,0,0,0,0,0,0,0,0,0,0,0,0,0,0,0,0,0,0,0,0,0,0,0,0,0,0,0,0,0,0,0
2023,51,0,0,0,0,0,0,0,0,0,0,0,0,0,0,0,0,0,0,0,0,0,0,0,0,0,0,0,0,0,0,0,0,0,0,0,0
2023,52,0,0,0,0,0,0,0,0,0,0,0,0,0,0,0,0,0,0,0,0,0,0,0,0,0,0,0,0,0,0,0,0,0,0,0,0
2024,1,0,0,0,0,0,0,0,0,0,0,0,0,0,0,0,0,0,0,0,0,0,0,0,0,0,0,0,0,0,0,0,0,0,0,0,0
2024,2,0,0,0,0,0,0,0,0,0,0,0,0,0,0,0,0,0,0,0,0,0,0,0,0,0,0,0,0,0,0,0,0,0,0,0,0
2024,3,0,0,0,0,0,0,0,0,0,0,0,0,0,0,0,0,0,0,0,0,0,0,0,0,0,0,0,0,0,0,0,0,0,0,0,0
2024,4,0,0,0,0,0,0,0,0,0,0,0,0,0,0,0,0,0,0,0,0,0,0,0,0,0,0,0,0,0,0,0,0,0,0,0,0
2024,5,0,0,0,0,0,0,0,0,0,0,0,0,0,0,0,0,0,0,0,0,0,0,0,0,0,0,0,0,0,0,0,0,0,0,0,0
2024,6,0,0,0,0,0,0,0,0,0,0,0,0,0,0,0,0,0,0,0,0,0,0,0,0,0,0,0,0,0,0,0,0,0,0,0,0
2024,7,0,0,0,0,0,0,0,0,0,0,0,0,0,0,0,0,0,0,0,0,0,0,0,0,0,0,0,0,0,0,0,0,0,0,0,0
2024,8,0,0,0,0,0,0,0,0,0,0,0,0,0,0,0,0,0,0,0,0,0,0,0,0,0,0,0,0,0,0,0,0,0,0,0,0
2024,9,0,0,0,0,0,0,0,0,0,0,0,0,0,0,0,0,0,0,0,0,0,0,0,0,0,0,0,0,0,0,0,0,0,0,0,0
2024,10,0,0,0,0,0,0,0,0,0,0,0,0,0,0,0,0,0,0,0,0,0,0,0,0,0,0,0,0,0,0,0,0,0,0,0,0
2024,11,0,0,0,0,0,0,0,0,0,0,0,0,0,0,0,0,0,0,0,0,0,0,0,0,0,0,0,0,0,0,0,0,0,0,0,0
2024,12,0,0,0,0,0,0,0,0,0,0,0,0,0,0,0,0,0,0,0,0,0,0,0,0,0,0,0,0,0,0,0,0,0,0,0,0
2024,13,0,0,0,0,0,0,0,0,0,0,0,0,0,0,0,0,0,0,0,0,0,0,0,0,0,0,0,0,0,0,0,0,0,0,0,0
2024,14,0,0,0,0,0,0,0,0,0,0,0,0,0,0,0,0,0,0,0,0,0,0,0,0,0,0,0,0,0,0,0,0,0,0,0,0
2024,15,0,0,0,0,0,0,0,0,0,0,0,0,0,0,0,0,0,0,0,0,0,0,0,0,0,0,0,0,0,0,0,0,0,0,0,0
2024,16,0,0,0,0,0,0,0,0,0,0,0,0,0,0,0,0,0,0,0,0,0,0,0,0,0,0,0,0,0,0,0,0,0,0,0,0
2024,17,0,0,0,0,0,0,0,0,0,0,0,0,0,0,0,0,0,0,0,0,0,0,0,0,0,0,0,0,0,0,0,0,0,0,0,0
2024,18,0,0,0,0,0,0,0,0,0,0,0,0,0,0,0,0,0,0,0,0,0,0,0,0,0,0,0,0,0,0,0,0,0,0,0,0
2024,19,0,0,0,0,0,0,0,0,0,0,0,0,0,0,0,0,0,0,0,0,0,0,0,0,0,0,0,0,0,0,0,0,0,0,0,0
2024,20,0,0,0,0,0,0,0,0,0,0,0,0,0,0,0,0,0,0,0,0,0,0,0,0,0,0,0,0,0,0,0,0,0,0,0,0
2024,21,0,0,0,0,0,0,0,0,0,0,0,0,0,0,0,0,0,0,0,0,0,0,0,0,0,0,0,0,0,0,0,0,0,0,0,0
2024,22,0,0,0,0,0,0,0,0,0,0,0,0,0,0,0,0,0,0,0,0,0,0,0,0,0,0,0,0,0,0,0,0,0,0,0,0
2024,23,0,0,0,0,0,0,0,0,0,0,0,0,0,0,0,0,0,0,0,0,0,0,0,0,0,0,0,0,0,0,0,0,0,0,0,0
2024,24,0,0,0,0,0,0,0,0,0,0,0,0,0,0,0,0,0,0,0,0,0,0,0,0,0,0,0,0,0,0,0,0,0,0,0,0
2024,25,0,0,0,0,0,0,0,0,0,0,0,0,0,0,0,0,0,0,0,0,0,0,0,0,0,0,0,0,0,0,0,0,0,0,0,0
2024,26,0,0,0,0,0,0,0,0,0,0,0,0,0,0,0,0,0,0,0,0,0,0,0,0,0,0,0,0,0,0,0,0,0,0,0,0
2024,27,0,0,0,0,0,0,0,0,0,0,0,0,0,0,0,0,0,0,0,0,0,0,0,0,0,0,0,0,0,0,0,0,0,0,0,0
2024,28,0,0,0,0,0,0,0,0,0,0,0,0,0,0,0,0,0,0,0,0,0,0,0,0,0,0,0,0,0,0,0,0,0,0,0,0
2024,29,0,0,0,0,0,0,0,0,0,0,0,0,0,0,0,0,0,0,0,0,0,0,0,0,0,0,0,0,0,0,0,0,0,0,0,0
2024,30,0,0,0,0,0,0,0,0,0,0,0,0,0,0,0,0,0,0,0,0,0,0,0,0,0,0,0,0,0,0,0,0,0,0,0,0
2024,31,0,0,0,0,0,0,0,0,0,0,0,0,0,0,0,0,0,0,0,0,0,0,0,0,0,0,0,0,0,0,0,0,0,0,1,0
2024,32,0,0,0,0,0,0,0,0,0,0,0,0,0,0,0,0,0,0,0,0,0,0,0,0,0,0,0,0,0,0,0,0,0,0,1,0
2024,33,0,0,0,0,0,0,0,0,0,0,0,0,0,0,0,0,0,0,0,0,0,0,0,0,0,0,0,0,0,0,0,0,0,0,1,0
2024,34,0,0,0,0,0,0,0,0,0,0,0,0,0,0,0,0,0,0,0,0,0,0,0,0,0,0,0,0,0,0,0,0,0,0,1,0
2024,35,0,0,0,0,0,0,0,0,0,0,0,0,0,0,0,0,0,0,0,0,0,0,0,0,0,0,0,0,0,0,0,0,0,0,1,0
2024,36,0,0,0,0,0,0,0,0,0,0,0,0,0,0,0,0,0,0,0,0,0,0,0,0,0,0,0,0,0,0,0,0,0,0,1,0
2024,37,0,0,0,0,0,0,0,0,0,0,0,0,0,0,0,0,0,0,0,0,0,0,0,0,0,0,0,0,0,0,0,0,0,0,1,0
2024,38,0,0,0,0,0,0,0,0,0,0,0,0,0,0,0,0,0,0,0,0,0,0,0,0,0,0,0,0,0,0,0,0,0,0,1,0
2024,39,0,0,0,0,0,0,0,0,0,0,0,0,0,0,0,0,0,0,0,0,0,0,0,0,0,0,0,0,0,0,0,0,0,0,1,0
2024,40,0,0,0,0,0,0,0,0,0,0,0,0,0,0,0,0,0,0,0,0,0,0,0,0,0,0,0,0,0,0,0,0,0,0,1,0
2024,41,0,0,0,0,0,0,0,0,0,0,0,0,0,0,0,0,0,0,0,0,0,0,0,0,0,0,0,0,0,0,0,0,0,0,1,0
2024,42,0,0,0,0,0,0,0,0,0,0,0,0,0,0,0,0,0,0,0,0,0,0,0,0,0,0,0,0,0,0,0,0,0,0,1,0
2024,43,0,0,0,0,0,0,0,0,0,0,0,0,0,0,0,0,0,0,0,0,0,0,0,0,0,0,0,0,0,0,0,0,0,0,1,0
2024,44,0,0,0,0,0,0,0,0,0,0,0,0,0,0,0,0,0,0,0,0,0,0,0,0,0,0,0,0,0,0,0,0,0,0,1,0
2024,45,0,0,0,0,0,0,0,0,0,0,0,0,0,0,0,0,0,0,0,0,0,0,0,0,0,0,0,0,0,0,0,0,0,0,1,0
2024,46,0,0,0,0,0,0,0,0,0,0,0,0,0,0,0,0,0,0,0,0,0,0,0,0,0,0,0,0,0,0,0,0,0,0,1,0
2024,47,0,0,0,0,0,0,0,0,0,0,0,0,0,0,0,0,0,0,0,0,0,0,0,0,0,0,0,0,0,0,0,0,0,0,1,0
2024,48,0,0,0,0,0,0,0,0,0,0,0,0,0,0,0,0,0,0,0,0,0,0,0,0,0,0,0,0,0,0,0,0,0,0,1,0
2024,49,0,0,0,0,0,0,0,0,0,0,0,0,0,0,0,0,0,0,0,0,0,0,0,0,0,0,0,0,0,0,0,0,0,0,1,0
2024,50,0,0,0,0,0,0,0,0,0,0,0,0,0,0,0,0,0,0,0,0,0,0,0,0,0,0,0,0,0,0,0,0,0,0,1,0
2024,51,0,0,0,0,0,0,0,0,0,0,0,0,0,0,0,0,0,0,0,0,0,0,0,0,0,0,0,0,0,0,0,0,0,0,1,0
2024,52,0,0,0,0,0,0,0,0,0,0,0,0,0,0,0,0,0,0,0,0,0,0,0,0,0,0,0,0,0,0,0,0,0,0,1,0
2025,1,0,0,0,0,0,0,0,0,0,0,0,0,0,0,0,65,0,0,0,0,0,0,0,0,0,0,0,0,0,0,0,0,0,0,1,0
2025,2,0,0,0,0,0,0,0,0,0,0,0,0,0,0,0,128,0,0,0,0,0,0,0,0,0,0,0,0,0,0,0,0,0,0,1,0
2025,3,0,0,0,0,0,0,0,0,0,0,0,0,0,0,0,128,0,0,0,0,0,0,0,0,0,0,0,0,0,0,0,0,0,0,1,0
2025,4,0,0,0,0,0,0,0,0,0,0,0,0,0,0,0,128,0,0,0,0,0,0,0,0,0,0,0,0,0,0,0,0,0,0,1,0
2025,5,0,0,0,0,0,0,0,0,0,0,0,0,0,0,0,128,0,0,0,0,0,0,0,0,0,0,0,0,0,0,0,0,0,0,1,0
2025,6,0,0,0,0,0,0,0,0,0,0,0,0,0,0,0,128,0,0,0,0,0,0,0,0,0,0,0,0,0,0,0,0,0,0,1,0
2025,7,0,0,0,0,0,0,0,0,0,0,0,0,0,0,0,128,0,0,0,0,0,0,0,0,0,0,0,0,0,0,0,0,0,0,1,0
2025,8,0,0,0,0,0,0,0,0,0,0,0,0,0,0,0,128,0,0,0,0,0,0,0,0,0,0,0,0,0,0,0,0,0,0,1,0
2025,9,0,0,0,0,0,0,0,0,0,0,0,0,0,0,0,128,0,0,0,0,0,0,0,0,0,0,0,0,0,0,0,0,0,0,1,0
2025,10,0,0,0,0,0,0,0,0,0,0,0,0,0,0,0,128,0,0,0,0,0,0,0,0,0,0,0,0,0,0,0,0,0,0,1,0
2025,11,0,0,0,0,0,0,0,0,0,0,0,0,0,0,0,128,0,0,0,0,0,0,0,0,0,0,0,0,0,0,0,0,0,0,1,0
2025,12,0,0,0,0,0,0,0,0,0,0,0,0,0,0,0,128,0,0,0,0,0,0,0,0,0,0,0,0,0,0,0,0,0,0,1,0
2025,13,0,0,0,0,0,0,0,0,0,0,0,0,0,0,0,128,0,0,0,0,0,0,0,0,0,0,0,0,0,0,0,0,0,0,1,0
2025,14,0,0,0,0,0,0,0,0,0,0,0,0,0,0,0,128,0,0,0,0,0,0,0,0,0,0,0,0,0,0,0,0,0,0,1,0
2025,15,0,0,0,0,0,0,0,0,0,0,0,0,0,0,0,128,0,0,0,0,0,0,0,0,0,0,0,0,0,0,0,0,0,0,1,0
2025,16,0,0,0,0,0,0,0,0,0,0,0,0,0,0,0,128,0,0,0,0,0,0,0,0,0,0,0,0,0,0,0,0,0,0,1,0
2025,17,0,0,0,0,0,0,0,2,0,0,0,0,0,0,0,128,0,0,0,0,0,0,0,0,0,0,0,0,0,0,0,0,0,0,1,0
2025,18,0,0,0,0,0,0,0,10,0,0,0,0,0,0,0,128,0,0,0,0,0,0,0,0,0,0,0,0,0,0,0,0,0,0,1,0
2025,19,0,0,0,0,0,0,0,10,0,0,0,0,0,0,0,128,0,0,0,0,0,0,0,0,0,0,0,0,0,0,0,0,0,0,1,0
2025,20,0,0,0,0,0,0,0,10,0,0,0,0,0,0,0,128,0,0,0,0,0,0,0,0,0,0,0,0,0,0,0,0,0,0,1,0
2025,21,0,0,0,0,0,0,0,10,0,0,0,0,0,0,0,128,0,0,0,0,0,0,0,0,0,0,0,0,0,0,0,0,0,0,1,0
2025,22,0,0,0,0,0,0,0,10,0,0,0,0,0,0,0,128,0,0,0,0,0,0,0,0,0,0,0,0,0,0,0,0,0,0,1,0
2025,23,0,0,0,0,0,0,0,10,0,0,0,0,0,0,0,128,0,0,0,0,0,0,0,0,0,0,0,0,0,0,0,0,0,0,1,0
2025,24,0,0,0,0,0,0,0,10,0,0,0,0,0,0,0,128,0,0,0,0,0,0,0,0,0,0,0,0,0,0,0,0,0,0,1,0
2025,25,0,0,0,0,0,0,0,10,0,0,0,0,0,0,0,128,0,0,0,0,0,0,0,0,0,0,0,0,0,0,0,0,0,0,1,0
2025,26,0,0,0,0,0,0,0,10,0,0,0,0,0,0,0,128,0,0,0,0,0,0,0,0,0,0,0,0,0,0,0,0,0,0,1,0
2025,27,0,0,0,0,0,0,0,10,0,0,0,0,0,0,0,128,0,0,0,0,0,0,0,0,0,0,0,0,0,0,0,0,0,0,1,0
2025,28,0,0,0,0,0,0,0,10,0,0,0,0,0,0,0,128,0,0,0,0,0,0,0,0,0,0,0,0,0,0,0,0,0,0,1,0
2025,29,0,0,0,0,0,0,0,10,0,0,0,0,0,0,0,128,0,0,0,0,0,0,0,0,0,0,0,0,0,0,0,0,0,0,1,0
2025,30,0,0,0,0,0,0,0,10,0,0,0,0,0,0,0,128,0,0,0,0,0,0,0,0,0,0,0,0,0,0,0,0,0,0,1,0
2025,31,0,0,0,0,0,0,0,10,0,0,0,0,0,0,0,128,0,0,0,0,0,0,0,0,0,0,9,0,0,0,0,0,0,0,1,0
2025,32,0,0,0,0,0,0,0,10,0,0,0,0,0,0,0,128,0,0,0,0,0,0,0,0,0,0,40,0,0,0,0,0,0,0,1,0
2025,33,0,0,0,0,0,0,0,10,0,0,0,0,0,0,0,128,0,0,0,0,0,0,0,0,0,0,40,0,0,0,0,0,0,0,1,0
2025,34,0,0,0,0,0,0,0,10,0,0,0,0,0,0,0,128,4,0,0,0,0,0,0,0,0,0,40,14,0,0,0,0,4,0,1,0
2025,35,0,0,0,0,0,0,0,10,0,0,0,0,0,0,0,128,4,0,0,0,0,0,0,0,0,17,40,20,0,0,0,0,18,0,1,0
2025,36,0,0,0,0,0,0,0,10,0,0,0,0,0,0,0,128,4,0,0,0,0,0,0,0,0,70,40,20,0,0,0,0,18,0,1,0
2025,37,0,0,0,0,0,0,0,10,0,0,0,0,0,0,0,128,4,0,0,0,0,0,0,0,0,70,40,20,0,0,0,0,18,0,1,0
2025,38,0,0,0,0,0,0,0,10,0,0,0,0,0,0,0,128,4,0,0,0,0,0,0,0,0,70,40,20,0,0,0,0,18,0,1,0
2025,39,0,0,0,0,0,0,0,10,0,0,0,0,0,0,0,128,4,0,0,0,0,0,46,0,43,70,40,20,0,0,0,0,18,0,1,0
2025,40,0,0,0,0,0,0,0,10,0,0,0,0,0,0,0,128,4,0,0,0,0,0,56,0,53,70,40,20,0,0,0,0,18,0,1,0
2025,41,0,0,0,0,0,0,0,10,0,0,0,0,0,0,0,128,4,0,0,0,0,0,56,0,53,70,40,20,0,0,0,0,18,0,1,0
2025,42,0,0,0,0,0,0,0,10,0,0,0,42,0,0,0,128,4,0,0,0,0,0,56,0,53,70,40,20,0,0,0,0,18,0,1,0
2025,43,0,0,0,0,0,0,0,10,0,0,0,90,0,0,0,128,4,0,0,0,0,0,56,0,53,70,40,20,0,0,0,0,18,0,1,0
2025,44,0,0,0,0,0,0,0,10,0,0,0,90,0,0,0,128,4,0,0,0,0,0,56,0,53,70,40,20,0,0,0,0,18,0,1,0
2025,45,0,0,0,0,0,0,0,10,0,0,0,90,0,0,0,128,4,0,0,0,0,0,56,0,53,70,40,20,0,0,0,0,18,0,1,0
2025,46,0,0,0,0,0,0,0,10,0,0,0,90,0,0,0,128,4,0,0,0,0,0,56,0,53,70,40,20,0,0,0,0,18,0,1,0
2025,47,0,0,0,0,0,0,0,10,0,0,0,90,0,0,0,128,4,0,0,0,0,0,56,0,53,70,40,20,0,0,0,0,18,0,1,0
2025,48,0,0,0,0,0,0,0,10,0,0,69,90,0,0,0,128,4,0,0,0,0,0,56,0,53,70,40,20,0,0,0,0,18,0,1,0
2025,49,0,0,0,0,0,0,0,10,0,0,240,90,0,0,0,128,4,0,0,0,0,0,56,0,53,70,40,20,0,0,0,0,18,0,1,0
2025,50,0,0,0,0,0,0,0,10,0,0,240,90,0,0,0,128,4,0,0,0,0,0,56,14,53,70,40,20,0,0,0,0,18,0,1,0
2025,51,0,0,0,0,0,0,0,10,0,0,240,90,0,0,0,128,6,0,0,0,0,0,58,57,53,70,40,20,0,0,0,0,18,0,1,0
2025,52,0,0,0,0,0,0,0,10,0,0,240,90,0,0,0,128,8,0,0,0,0,0,112,86,53,70,40,20,0,0,0,0,18,0,1,0
2026,1,0,0,0,0,7,0,0,10,76,0,240,90,0,0,0,174,7,2,0,0,0,0,56,54,53,70,40,350,0,1,0,13,18,0,1,0
2026,2,32,0,1,0,36,59,0,10,0,0,240,90,0,0,0,273,4,14,0,0,0,0,65,54,61,70,59,350,0,1,1,85,26,7,2,0
2026,3,23,1,0,0,95,116,0,10,0,0,240,90,0,0,16,256,4,36,0,0,0,2,56,54,17,70,73,350,0,0,0,101,40,17,2,0
2026,4,8,6,0,0,95,119,0,10,0,0,240,90,0,0,35,256,4,43,0,0,0,0,59,31,4,70,56,350,0,1,1,98,39,17,5,7
2026,5,28,18,7,0,95,116,0,4,0,0,240,34,0,0,1,211,2,37,0,0,0,10,82,15,11,70,41,350,0,0,0,0,40,17,4,32
2026,6,36,10,9,0,10,116,0,0,0,0,240,0,0,0,0,199,10,36,0,0,22,26,56,26,0,120,40,350,0,1,1,23,39,17,8,32
2026,7,50,6,18,0,0,116,0,0,0,0,240,0,6,0,0,195,27,35,0,0,59,29,54,36,0,120,44,350,0,0,0,15,47,17,3,37
2026,8,49,5,18,24,0,116,1,0,0,0,240,0,0,0,2,141,27,39,0,0,82,29,5,0,0,108,49,350,1,1,1,0,52,17,1,31
2026,9,42,5,19,8,7,116,4,0,0,0,240,0,0,0,2,209,27,84,0,0,67,26,51,21,6,70,20,350,4,0,0,0,62,17,1,19
2026,10,21,10,18,0,238,116,3,0,0,0,240,0,0,0,0,128,27,122,0,0,0,26,42,10,30,70,40,350,3,0,1,23,44,11,19,31
2026,11,21,26,5,0,404,116,3,0,0,0,240,0,0,0,0,180,27,60,0,0,0,28,0,0,6,70,40,350,3,0,11,15,48,17,52,31
2026,12,23,26,0,0,387,116,3,0,0,0,240,0,0,0,3,256,27,70,0,0,0,32,7,6,6,70,40,350,3,2,0,2,51,18,16,31
2026,13,21,26,1,0,380,116,1,0,0,0,240,0,0,0,0,170,27,71,0,0,0,26,23,0,0,70,40,350,1,0,0,2,40,17,1,30
2026,14,21,3,1,0,380,116,0,0,0,0,240,0,0,0,0,128,27,39,0,0,0,26,0,0,0,70,40,350,28,0,1,0,22,25,1,7
2026,15,21,0,0,0,380,116,0,0,0,0,240,0,26,0,0,178,27,114,0,0,0,28,0,5,5,38,40,350,43,0,0,0,44,28,20,31
2026,16,18,0,0,10,380,116,0,0,0,0,240,0,13,0,2,256,14,78,0,0,0,28,10,0,4,3,40,350,0,0,1,0,56,11,46,31
2026,17,6,0,1,0,380,116,0,0,0,0,206,0,0,0,0,193,0,45,0,0,0,6,13,0,0,0,40,350,0,0,0,0,24,0,13,31
2026,18,33,0,1,0,380,29,0,10,0,171,0,0,0,0,14,158,0,72,0,0,0,0,41,0,0,0,40,350,0,0,1,0,18,0,1,31
2026,19,38,1,0,0,308,0,0,12,0,137,0,103,0,0,23,128,0,74,0,0,0,0,66,6,3,0,40,350,0,0,0,2,18,0,1,20
2026,20,24,0,0,0,77,35,0,12,0,0,0,240,0,0,10,128,0,84,0,0,0,1,66,5,0,0,40,350,0,0,1,2,20,0,1,31
2026,21,1,1,0,0,0,57,0,12,0,0,0,240,0,0,14,132,0,72,0,0,0,1,16,0,0,0,40,350,0,0,0,2,20,0,1,31
2026,22,0,0,1,0,0,28,0,12,0,0,0,137,0,0,9,139,0,37,0,0,0,0,6,0,0,0,40,350,0,0,1,2,18,0,1,31
2026,23,1,0,1,0,0,0,0,12,0,0,0,0,0,0,0,128,0,39,0,0,0,0,0,0,0,0,40,350,0,0,0,0,18,2,7,31
2026,24,0,0,0,0,0,0,0,12,0,0,0,0,0,0,0,44,0,35,0,0,0,1,0,0,0,0,40,350,0,0,1,0,18,0,16,3
2026,25,2,0,0,0,0,0,0,12,0,0,0,0,6,0,2,0,0,35,0,0,0,1,0,0,0,3,40,350,0,0,0,0,18,0,5,0
2026,26,0,1,1,0,0,0,0,12,0,0,0,0,0,0,0,0,0,35,0,0,0,0,5,0,0,3,40,350,0,0,1,0,19,0,1,1
2026,27,0,0,1,0,0,0,0,12,0,0,0,0,0,0,0,46,0,41,0,0,0,1,28,0,0,0,40,350,0,0,0,0,18,0,7,2
2026,28,0,0,0,0,0,0,0,12,0,0,0,0,0,0,0,128,0,34,0,0,0,0,22,8,4,0,40,350,0,0,0,0,18,0,16,0
2026,29,2,0,1,0,0,0,0,12,0,0,0,0,0,0,2,45,0,0,0,0,0,0,0,0,4,0,40,350,0,0,0,0,18,0,15,0
2026,30,1,0,0,0,0,0,0,12,0,0,0,0,0,0,0,0,0,5,0,0,0,0,5,0,0,0,40,350,0,0,0,0,18,1,15,0
2026,31,0,0,0,0,0,0,0,12,0,0,0,0,0,0,0,11,0,16,0,0,0,1,0,0,19,0,40,350,0,0,0,0,18,0,15,0
2026,32,3,0,1,4,7,0,0,12,0,0,0,0,0,0,3,0,0,35,0,0,0,0,0,19,0,0,40,350,0,0,0,0,18,0,15,1
2026,33,1,1,0,0,7,0,0,12,0,0,0,0,0,0,0,4,0,43,0,0,0,1,0,0,0,0,40,350,0,0,0,0,18,0,16,0
2026,34,8,0,0,0,0,0,0,12,0,0,0,0,0,0,2,11,0,35,0,0,0,0,0,0,0,0,40,350,0,0,0,0,18,0,15,3
2026,35,21,0,0,20,0,0,0,12,0,0,0,0,0,0,0,0,0,44,0,0,0,0,0,0,0,17,40,350,0,0,0,0,18,1,15,0
2026,36,21,1,1,20,37,0,0,12,0,0,0,0,0,0,0,50,0,35,0,0,0,1,0,19,0,70,40,350,0,0,0,0,18,0,15,12
2026,37,21,0,1,0,95,0,0,12,0,0,0,0,0,0,0,128,0,37,0,0,0,0,79,65,44,70,40,350,0,0,0,0,18,1,16,8
2026,38,3,0,1,22,95,0,0,12,0,0,0,0,0,0,2,128,0,49,0,0,0,0,66,54,0,70,40,350,0,0,0,0,18,0,15,0
2026,39,0,0,0,57,95,0,0,12,0,0,0,0,0,0,0,128,0,70,0,0,0,1,66,54,0,67,40,350,0,0,0,0,18,0,15,0
2026,40,0,1,0,14,95,0,0,1,0,0,0,0,0,0,0,157,0,77,0,0,0,0,66,54,0,0,40,350,0,0,0,0,18,0,16,0
2026,41,0,0,1,0,95,0,0,0,0,0,0,0,0,0,0,139,0,77,0,0,0,0,16,14,4,0,40,350,0,0,0,0,18,1,10,1
2026,42,8,0,0,0,95,0,0,0,0,0,0,0,0,0,3,128,0,39,0,0,0,1,83,21,0,0,40,350,0,0,0,0,18,1,1,0
2026,43,4,0,6,0,95,0,0,0,0,0,0,0,0,0,7,128,0,42,0,0,0,0,94,54,0,0,40,350,0,0,0,0,18,0,0,0
2026,44,0,0,20,0,95,0,0,0,0,0,0,0,0,0,18,128,0,42,0,0,0,0,60,54,0,0,10,350,43,0,0,0,18,0,0,0
2026,45,3,0,19,0,172,0,0,0,275,0,0,0,0,0,37,128,0,35,0,0,0,1,66,54,0,0,0,350,143,0,0,0,18,0,6,0
2026,46,1,1,18,0,118,0,0,0,385,0,0,0,0,0,37,128,0,41,0,0,0,0,16,14,0,0,0,350,129,0,0,0,18,0,15,0
2026,47,0,0,5,0,60,0,0,0,385,0,0,0,0,0,24,128,0,35,0,0,0,15,0,0,0,0,0,350,57,0,0,0,18,0,15,1
2026,48,0,0,4,0,95,0,0,0,220,0,0,0,0,0,0,128,0,39,0,0,0,26,0,0,0,0,0,350,0,0,0,0,18,1,15,0
2026,49,0,17,0,0,108,0,0,0,0,0,0,0,0,0,0,175,0,35,0,0,0,29,0,0,0,0,0,350,0,0,0,0,18,0,15,0
2026,50,0,0,0,0,95,0,0,0,0,0,0,0,0,0,0,128,0,44,0,0,0,29,0,0,0,0,0,350,0,0,0,0,18,4,15,1
2026,51,2,0,1,0,95,0,0,0,0,0,0,0,0,0,0,128,0,35,0,0,0,3,0,0,0,0,0,350,0,0,0,0,18,0,15,0
2026,52,0,0,0,0,95,0,0,0,0,0,0,0,0,0,0,128,0,25,0,0,0,0,0,0,0,0,0,350,0,0,0,0,18,0,22,0
