,,coal,diesel,gas,CO2
CO2_CONTENT,,0.09218,0.06939,0.05397,
YEAR,WEEK,,,,
2010,1,5.89,28.58,7.2,20.25
2010,2,5.89,28.58,7.2,20.25
2010,3,5.89,28.58,7.2,20.25
2010,4,5.89,28.58,7.2,20.25
2010,5,6.17,28.7,7.2,20.33
2010,6,6.39,28.8,7.2,20.4
2010,7,6.39,28.8,7.2,20.4
2010,8,6.39,28.8,7.2,20.4
2010,9,6.33,29.25,7.2,20.4
2010,10,6.28,29.58,7.2,20.4
2010,11,6.28,29.58,7.2,20.4
2010,12,6.28,29.58,7.2,20.4
2010,13,6.27,29.7,7.09,20.4
2010,14,6.21,30.42,6.4,20.4
2010,15,6.21,30.42,6.4,20.4
2010,16,6.21,30.42,6.4,20.4
2010,17,6.21,30.42,6.4,20.4
2010,18,6.69,31.02,6.4,19.3
2010,19,6.77,31.12,6.4,19.12
2010,20,6.77,31.12,6.4,19.12
2010,21,6.77,31.12,6.4,19.12
2010,22,6.86,30.66,6.4,18.48
2010,23,6.98,30.05,6.4,17.62
2010,24,6.98,30.05,6.4,17.62
2010,25,6.98,30.05,6.4,17.62
2010,26,6.93,30.05,6.55,17.72
2010,27,6.64,30.03,7.42,18.33
2010,28,6.64,30.03,7.42,18.33
2010,29,6.64,30.03,7.42,18.33
2010,30,6.64,30.03,7.42,18.33
2010,31,6.73,29.94,7.42,18.45
2010,32,6.77,29.9,7.42,18.5
2010,33,6.77,29.9,7.42,18.5
2010,34,6.77,29.9,7.42,18.5
2010,35,6.64,29.88,7.42,18.85
2010,36,6.31,29.84,7.42,19.71
2010,37,6.31,29.84,7.42,19.71
2010,38,6.31,29.84,7.42,19.71
2010,39,6.31,29.84,7.42,19.71
2010,40,6.25,30.31,7.61,19.5
2010,41,6.25,30.31,7.61,19.5
2010,42,6.25,30.31,7.61,19.5
2010,43,6.25,30.31,7.61,19.5
2010,44,6.42,30.48,7.61,20.18
2010,45,6.55,30.61,7.61,20.69
2010,46,6.55,30.61,7.61,20.69
2010,47,6.55,30.61,7.61,20.69
2010,48,6.59,30.97,7.61,20.66
2010,49,6.68,31.89,7.61,20.59
2010,50,6.68,31.89,7.61,20.59
2010,51,6.68,31.89,7.61,20.59
2010,52,6.68,31.89,7.61,20.59
2011,1,7.17,32.87,7.3,19.89
2011,2,7.17,32.87,7.3,19.89
2011,3,7.17,32.87,7.3,19.89
2011,4,7.17,32.87,7.3,19.89
2011,5,7.66,33.53,7.3,19.44
2011,6,8.03,34.02,7.3,19.11
2011,7,8.03,34.02,7.3,19.11
2011,8,8.03,34.02,7.3,19.11
2011,9,7.92,36.55,7.3,19.86
2011,10,7.84,38.44,7.3,20.43
2011,11,7.84,38.44,7.3,20.43
2011,12,7.84,38.44,7.3,20.43
2011,13,7.81,38.73,7.29,20.42
2011,14,7.59,40.47,7.2,20.41
2011,15,7.59,40.47,7.2,20.41
2011,16,7.59,40.47,7.2,20.41
2011,17,7.59,40.47,7.2,20.41
2011,18,7.34,38.8,7.2,20.2
2011,19,7.29,38.52,7.2,20.17
2011,20,7.29,38.52,7.2,20.17
2011,21,7.29,38.52,7.2,20.17
2011,22,7.31,37.63,7.2,19.9
2011,23,7.33,36.43,7.2,19.53
2011,24,7.33,36.43,7.2,19.53
2011,25,7.33,36.43,7.2,19.53
2011,26,7.28,36.35,7.22,19.25
2011,27,6.97,35.87,7.32,17.56
2011,28,6.97,35.87,7.32,17.56
2011,29,6.97,35.87,7.32,17.56
2011,30,6.97,35.87,7.32,17.56
2011,31,7.02,35.32,7.32,15.72
2011,32,7.04,35.11,7.32,14.98
2011,33,7.04,35.11,7.32,14.98
2011,34,7.04,35.11,7.32,14.98
2011,35,7.21,35.22,7.32,15.12
2011,36,7.64,35.49,7.32,15.46
2011,37,7.64,35.49,7.32,15.46
2011,38,7.64,35.49,7.32,15.46
2011,39,7.64,35.49,7.32,15.46
2011,40,7.43,36.1,6.27,13.57
2011,41,7.43,36.1,6.27,13.57
2011,42,7.43,36.1,6.27,13.57
2011,43,7.43,36.1,6.27,13.57
2011,44,7.49,36.82,6.27,13.21
2011,45,7.54,37.37,6.27,12.94
2011,46,7.54,37.37,6.27,12.94
2011,47,7.54,37.37,6.27,12.94
2011,48,7.5,37.83,6.27,12.02
2011,49,7.39,39,6.27,9.73
2011,50,7.39,39,6.27,9.73
2011,51,7.39,39,6.27,9.73
2011,52,7.39,39,6.27,9.73
2012,1,6.93,38.54,6.58,7.46
2012,2,6.93,38.54,6.58,7.46
2012,3,6.93,38.54,6.58,7.46
2012,4,6.93,38.54,6.58,7.46
2012,5,6.97,37.7,6.58,7.8
2012,6,7.01,37.08,6.58,8.05
2012,7,7.01,37.08,6.58,8.05
2012,8,7.01,37.08,6.58,8.05
2012,9,7.09,37.5,6.58,7.91
2012,10,7.19,38.06,6.58,7.72
2012,11,7.19,38.06,6.58,7.72
2012,12,7.19,38.06,6.58,7.72
2012,13,7.19,38.06,6.58,7.72
2012,14,6.88,38.23,6.79,7.34
2012,15,6.88,38.23,6.79,7.34
2012,16,6.88,38.23,6.79,7.34
2012,17,6.88,38.23,6.79,7.34
2012,18,7.05,38.1,6.79,6.66
2012,19,7.12,38.04,6.79,6.38
2012,20,7.12,38.04,6.79,6.38
2012,21,7.12,38.04,6.79,6.38
2012,22,6.94,37.49,6.79,6.35
2012,23,6.49,36.11,6.79,6.27
2012,24,6.49,36.11,6.79,6.27
2012,25,6.49,36.11,6.79,6.27
2012,26,6.49,36.11,6.79,6.27
2012,27,6.11,35.42,6.73,5.69
2012,28,6.11,35.42,6.73,5.69
2012,29,6.11,35.42,6.73,5.69
2012,30,6.11,35.42,6.73,5.69
2012,31,6.09,36.63,6.73,5.17
2012,32,6.07,37.54,6.73,4.78
2012,33,6.07,37.54,6.73,4.78
2012,34,6.07,37.54,6.73,4.78
2012,35,6.06,37.66,6.73,4.66
2012,36,5.99,38.39,6.73,3.96
2012,37,5.99,38.39,6.73,3.96
2012,38,5.99,38.39,6.73,3.96
2012,39,5.99,38.39,6.73,3.96
2012,40,6.01,38.01,6.29,3.28
2012,41,6.01,37.95,6.22,3.16
2012,42,6.01,37.95,6.22,3.16
2012,43,6.01,37.95,6.22,3.16
2012,44,5.94,37.68,6.22,3.03
2012,45,5.83,37.32,6.22,2.87
2012,46,5.83,37.32,6.22,2.87
2012,47,5.83,37.32,6.22,2.87
2012,48,5.83,37.32,6.22,2.83
2012,49,5.8,37.31,6.22,2.64
2012,50,5.8,37.31,6.22,2.64
2012,51,5.8,37.31,6.22,2.64
2012,52,5.8,37.31,6.22,2.64
2013,1,5.99,36.98,6.89,2.63
2013,2,5.99,36.98,6.89,2.63
2013,3,5.99,36.98,6.89,2.63
2013,4,5.99,36.98,6.89,2.63
2013,5,6.06,36.94,6.89,2.27
2013,6,6.11,36.9,6.89,2.01
2013,7,6.11,36.9,6.89,2.01
2013,8,6.11,36.9,6.89,2.01
2013,9,6.1,36.99,6.89,1.98
2013,10,6.08,37.06,6.89,1.96
2013,11,6.08,37.06,6.89,1.96
2013,12,6.08,37.06,6.89,1.96
2013,13,6.05,36.86,6.89,1.98
2013,14,5.88,35.63,6.92,2.08
2013,15,5.88,35.63,6.92,2.08
2013,16,5.88,35.63,6.92,2.08
2013,17,5.88,35.63,6.92,2.08
2013,18,6.05,34.93,6.92,2
2013,19,6.08,34.81,6.92,1.98
2013,20,6.08,34.81,6.92,1.98
2013,21,6.08,34.81,6.92,1.98
2013,22,6.12,35.3,6.92,1.91
2013,23,6.18,35.95,6.92,1.83
2013,24,6.18,35.95,6.92,1.83
2013,25,6.18,35.95,6.92,1.83
2013,26,6.14,36.2,6.94,1.86
2013,27,5.94,37.71,7.05,2.05
2013,28,5.94,37.71,7.05,2.05
2013,29,5.94,37.71,7.05,2.05
2013,30,5.94,37.71,7.05,2.05
2013,31,5.92,37.57,7.05,2.72
2013,32,5.91,37.52,7.05,2.99
2013,33,5.91,37.52,7.05,2.99
2013,34,5.91,37.52,7.05,2.99
2013,35,5.83,37.62,7.05,3.4
2013,36,5.64,37.89,7.05,4.43
2013,37,5.64,37.89,7.05,4.43
2013,38,5.64,37.89,7.05,4.43
2013,39,5.64,37.89,7.05,4.43
2013,40,5.63,36.88,4.3,4.04
2013,41,5.63,36.88,4.3,4.04
2013,42,5.63,36.88,4.3,4.04
2013,43,5.63,36.88,4.3,4.04
2013,44,5.7,36.85,4.69,3.68
2013,45,5.75,36.84,4.98,3.42
2013,46,5.75,36.84,4.98,3.42
2013,47,5.75,36.84,4.98,3.42
2013,48,5.77,37.21,5.16,3.44
2013,49,5.8,38.16,5.61,3.48
2013,50,5.8,38.16,5.61,3.48
2013,51,5.8,38.16,5.61,3.48
2013,52,5.8,38.16,5.61,3.48
2014,1,5.92,37.29,5.64,3.3
2014,2,5.92,37.29,5.64,3.3
2014,3,5.92,37.29,5.64,3.3
2014,4,5.92,37.29,5.64,3.3
2014,5,5.8,36.87,5.76,3.29
2014,6,5.71,36.55,5.86,3.29
2014,7,5.71,36.55,5.86,3.29
2014,8,5.71,36.55,5.86,3.29
2014,9,5.56,36.54,5.82,3.15
2014,10,5.44,36.53,5.79,3.05
2014,11,5.44,36.53,5.79,3.05
2014,12,5.44,36.53,5.79,3.05
2014,13,5.43,36.41,5.8,3.05
2014,14,5.38,35.68,5.81,3.06
2014,15,5.38,35.68,5.81,3.06
2014,16,5.38,35.68,5.81,3.06
2014,17,5.38,35.68,5.81,3.06
2014,18,5.39,36.06,5.62,3.69
2014,19,5.39,36.12,5.59,3.79
2014,20,5.39,36.12,5.59,3.79
2014,21,5.39,36.12,5.59,3.79
2014,22,5.34,36.41,5.76,4.12
2014,23,5.28,36.81,5.98,4.55
2014,24,5.28,36.81,5.98,4.55
2014,25,5.28,36.81,5.98,4.55
2014,26,5.29,36.71,5.96,4.48
2014,27,5.33,36.11,5.84,4.07
2014,28,5.33,36.11,5.84,4.07
2014,29,5.33,36.11,5.84,4.07
2014,30,5.33,36.11,5.84,4.07
2014,31,5.29,36,5.46,3.97
2014,32,5.28,35.96,5.3,3.93
2014,33,5.28,35.96,5.3,3.93
2014,34,5.28,35.96,5.3,3.93
2014,35,5.34,36.01,5.13,4.07
2014,36,5.49,36.14,4.7,4.42
2014,37,5.49,36.14,4.7,4.42
2014,38,5.49,36.14,4.7,4.42
2014,39,5.49,36.14,4.7,4.42
2014,40,5.32,35.74,4.94,4.38
2014,41,5.32,35.74,4.94,4.38
2014,42,5.32,35.74,4.94,4.38
2014,43,5.32,35.74,4.94,4.38
2014,44,5.23,34.84,4.74,4.36
2014,45,5.17,34.16,4.59,4.34
2014,46,5.17,34.16,4.59,4.34
2014,47,5.17,34.16,4.59,4.34
2014,48,5.13,33.35,4.69,4.66
2014,49,5.04,31.32,4.94,5.45
2014,50,5.04,31.32,4.94,5.45
2014,51,5.04,31.32,4.94,5.45
2014,52,5.04,31.32,4.94,5.45
2015,1,5.16,27.39,5.01,6.07
2015,2,5.16,27.39,5.01,6.07
2015,3,5.16,27.39,5.01,6.07
2015,4,5.16,27.39,5.01,6.07
2015,5,5.06,27.66,4.75,6.02
2015,6,4.98,27.86,4.55,5.97
2015,7,4.98,27.86,4.55,5.97
2015,8,4.98,27.86,4.55,5.97
2015,9,5.1,28.68,4.88,6.21
2015,10,5.19,29.29,5.13,6.38
2015,11,5.19,29.29,5.13,6.38
2015,12,5.19,29.29,5.13,6.38
2015,13,5.17,29.28,5.15,6.38
2015,14,5.02,29.19,5.26,6.4
2015,15,5.02,29.19,5.26,6.4
2015,16,5.02,29.19,5.26,6.4
2015,17,5.02,29.19,5.26,6.4
2015,18,5.14,31.11,5.18,5.73
2015,19,5.16,31.43,5.16,5.61
2015,20,5.16,31.43,5.16,5.61
2015,21,5.16,31.43,5.16,5.61
2015,22,5.22,31.55,5.15,5.91
2015,23,5.29,31.7,5.12,6.31
2015,24,5.29,31.7,5.12,6.31
2015,25,5.29,31.7,5.12,6.31
2015,26,5.29,31.64,5.13,6.39
2015,27,5.32,31.29,5.15,6.92
2015,28,5.32,31.29,5.15,6.92
2015,29,5.32,31.29,5.15,6.92
2015,30,5.32,31.29,5.15,6.92
2015,31,5.39,30.21,5.17,6.88
2015,32,5.42,29.77,5.18,6.86
2015,33,5.42,29.77,5.18,6.86
2015,34,5.42,29.77,5.18,6.86
2015,35,5.4,29.82,5.18,6.82
2015,36,5.37,29.92,5.16,6.72
2015,37,5.37,29.92,5.16,6.72
2015,38,5.37,29.92,5.16,6.72
2015,39,5.37,29.92,5.16,6.72
2015,40,5.11,29.13,4.21,6.9
2015,41,5.11,29.13,4.21,6.9
2015,42,5.11,29.13,4.21,6.9
2015,43,5.11,29.13,4.21,6.9
2015,44,5.04,28.65,4.87,7.3
2015,45,4.99,28.28,5.37,7.61
2015,46,4.99,28.28,5.37,7.61
2015,47,4.99,28.28,5.37,7.61
2015,48,4.93,27.75,5.5,8.03
2015,49,4.78,26.43,5.84,9.08
2015,50,4.78,26.43,5.84,9.08
2015,51,4.78,26.43,5.84,9.08
2015,52,4.78,26.43,5.84,9.08
2016,1,4.81,22.83,4.37,9.62
2016,2,4.81,22.83,4.37,9.62
2016,3,4.81,22.83,4.37,9.62
2016,4,4.81,22.83,4.37,9.62
2016,5,4.7,22.36,4.43,9.47
2016,6,4.63,22,4.48,9.36
2016,7,4.63,22,4.48,9.36
2016,8,4.63,22,4.48,9.36
2016,9,4.62,23.04,4.36,9.94
2016,10,4.62,24.42,4.2,10.71
2016,11,4.62,24.42,4.2,10.71
2016,12,4.62,24.42,4.2,10.71
2016,13,4.62,24.42,4.2,10.71
2016,14,4.62,24.14,4.11,12.8
2016,15,4.62,24.14,4.11,12.8
2016,16,4.62,24.14,4.11,12.8
2016,17,4.62,24.14,4.11,12.8
2016,18,4.65,25.26,4.29,13.98
2016,19,4.66,25.71,4.37,14.45
2016,20,4.66,25.71,4.37,14.45
2016,21,4.66,25.71,4.37,14.45
2016,22,4.64,26.15,4.26,15.23
2016,23,4.6,27.25,4,17.19
2016,24,4.6,27.25,4,17.19
2016,25,4.6,27.25,4,17.19
2016,26,4.6,27.25,4,17.19
2016,27,4.6,25.89,4.15,17.99
2016,28,4.6,25.89,4.15,17.99
2016,29,4.6,25.89,4.15,17.99
2016,30,4.6,25.89,4.15,17.99
2016,31,4.72,25.68,4.14,17.93
2016,32,4.81,25.51,4.14,17.89
2016,33,4.81,25.51,4.14,17.89
2016,34,4.81,25.51,4.14,17.89
2016,35,4.84,25.67,4.01,18.02
2016,36,5.02,26.59,3.26,18.81
2016,37,5.02,26.59,3.26,18.81
2016,38,5.02,26.59,3.26,18.81
2016,39,5.02,26.59,3.26,18.81
2016,40,5.33,27.53,3.34,18.79
2016,41,5.38,27.69,3.35,18.79
2016,42,5.38,27.69,3.35,18.79
2016,43,5.38,27.69,3.35,18.79
2016,44,5.68,27.52,3.08,18.44
2016,45,6.09,27.3,2.72,17.97
2016,46,6.09,27.3,2.72,17.97
2016,47,6.09,27.3,2.72,17.97
2016,48,6.23,27.5,3.01,17.88
2016,49,7.02,28.66,4.73,17.34
2016,50,7.02,28.66,4.73,17.34
2016,51,7.02,28.66,4.73,17.34
2016,52,7.02,28.66,4.73,17.34
2017,1,6.22,29.83,3.35,17.22
2017,2,6.22,29.83,3.35,17.22
2017,3,6.22,29.83,3.35,17.22
2017,4,6.22,29.83,3.35,17.22
2017,5,6.09,29.86,3.76,17.48
2017,6,5.99,29.88,4.07,17.67
2017,7,5.99,29.88,4.07,17.67
2017,8,5.99,29.88,4.07,17.67
2017,9,6.04,29.61,4.08,17.56
2017,10,6.07,29.4,4.08,17.47
2017,11,6.07,29.4,4.08,17.47
2017,12,6.07,29.4,4.08,17.47
2017,13,6.09,29.44,4.07,17.45
2017,14,6.21,29.69,4.04,17.33
2017,15,6.21,29.69,4.04,17.33
2017,16,6.21,29.69,4.04,17.33
2017,17,6.21,29.69,4.04,17.33
2017,18,6.21,29.41,4.03,17.02
2017,19,6.21,29.37,4.03,16.96
2017,20,6.21,29.37,4.03,16.96
2017,21,6.21,29.37,4.03,16.96
2017,22,5.95,28.68,4.22,16.81
2017,23,5.6,27.76,4.47,16.61
2017,24,5.6,27.76,4.47,16.61
2017,25,5.6,27.76,4.47,16.61
2017,26,5.62,27.47,4.53,16.76
2017,27,5.73,25.73,4.86,17.61
2017,28,5.73,25.73,4.86,17.61
2017,29,5.73,25.73,4.86,17.61
2017,30,5.73,25.73,4.86,17.61
2017,31,5.91,27.35,4.91,17.83
2017,32,5.98,28,4.93,17.92
2017,33,5.98,28,4.93,17.92
2017,34,5.98,28,4.93,17.92
2017,35,6.13,28.48,4.79,18
2017,36,6.48,29.68,4.45,18.22
2017,37,6.48,29.68,4.45,18.22
2017,38,6.48,29.68,4.45,18.22
2017,39,6.48,29.68,4.45,18.22
2017,40,6.82,29.33,4.32,18.51
2017,41,6.82,29.33,4.32,18.51
2017,42,6.82,29.33,4.32,18.51
2017,43,6.82,29.33,4.32,18.51
2017,44,6.94,30.43,4.2,18.92
2017,45,7.03,31.26,4.12,19.23
2017,46,7.03,31.26,4.12,19.23
2017,47,7.03,31.26,4.12,19.23
2017,48,7.01,31.4,4.19,19.62
2017,49,6.95,31.73,4.38,20.57
2017,50,6.95,31.73,4.38,20.57
2017,51,6.95,31.73,4.38,20.57
2017,52,6.95,31.73,4.38,20.57
2018,1,6.77,32.37,4.92,21.13
2018,2,6.77,32.37,4.92,21.13
2018,3,6.77,32.37,4.92,21.13
2018,4,6.77,32.37,4.92,21.13
2018,5,6.85,32.29,5.13,21.25
2018,6,6.91,32.23,5.3,21.35
2018,7,6.91,32.23,5.3,21.35
2018,8,6.91,32.23,5.3,21.35
2018,9,6.97,31.78,5.49,21.12
2018,10,7.02,31.44,5.64,20.95
2018,11,7.02,31.44,5.64,20.95
2018,12,7.02,31.44,5.64,20.95
2018,13,6.99,31.43,5.54,21
2018,14,6.82,31.35,4.95,21.27
2018,15,6.82,31.35,4.95,21.27
2018,16,6.82,31.35,4.95,21.27
2018,17,6.82,31.35,4.95,21.27
2018,18,6.81,33.68,4.73,21.24
2018,19,6.81,34.06,4.69,21.23
2018,20,6.81,34.06,4.69,21.23
2018,21,6.81,34.06,4.69,21.23
2018,22,6.96,34.39,5.33,20.99
2018,23,7.16,34.83,6.19,20.66
2018,24,7.16,34.83,6.19,20.66
2018,25,7.16,34.83,6.19,20.66
2018,26,7.23,34.64,6.09,20.87
2018,27,7.66,33.55,5.53,22.13
2018,28,7.66,33.55,5.53,22.13
2018,29,7.66,33.55,5.53,22.13
2018,30,7.66,33.55,5.53,22.13
2018,31,7.85,34.63,5.75,23.29
2018,32,7.92,35.07,5.84,23.76
2018,33,7.92,35.07,5.84,23.76
2018,34,7.92,35.07,5.84,23.76
2018,35,7.93,35.73,6.48,24.13
2018,36,7.97,37.38,8.07,25.06
2018,37,7.97,37.38,8.07,25.06
2018,38,7.97,37.38,8.07,25.06
2018,39,7.97,37.38,8.07,25.06
2018,40,7.86,39.77,16.49,25.1
2018,41,7.86,39.77,16.49,25.1
2018,42,7.86,39.77,16.49,25.1
2018,43,7.86,39.77,16.49,25.1
2018,44,7.59,38.04,14.95,25.01
2018,45,7.39,36.74,13.8,24.95
2018,46,7.39,36.74,13.8,24.95
2018,47,7.39,36.74,13.8,24.95
2018,48,7.28,35.67,12.1,24.98
2018,49,7,33.01,7.85,25.06
2018,50,7,33.01,7.85,25.06
2018,51,7,33.01,7.85,25.06
2018,52,7,33.01,7.85,25.06
2019,1,6.92,32.29,7.47,25.02
2019,2,6.92,32.29,7.47,25.02
2019,3,6.92,32.29,7.47,25.02
2019,4,6.92,32.29,7.47,25.02
2019,5,6.85,32.92,8.42,25.09
2019,6,6.79,33.4,9.14,25.13
2019,7,6.79,33.4,9.14,25.13
2019,8,6.79,33.4,9.14,25.13
2019,9,6.82,34.52,9.41,25.3
2019,10,6.84,35.36,9.6,25.43
2019,11,6.84,35.36,9.6,25.43
2019,12,6.84,35.36,9.6,25.43
2019,13,6.84,35.51,9.49,25.46
2019,14,6.85,36.42,8.8,25.65
2019,15,6.85,36.42,8.8,25.65
2019,16,6.85,36.42,8.8,25.65
2019,17,6.85,36.42,8.8,25.65
2019,18,6.67,35.43,13.48,25.34
2019,19,6.64,35.27,14.26,25.29
2019,20,6.64,35.27,14.26,25.29
2019,21,6.64,35.27,14.26,25.29
2019,22,6.61,34.84,12.39,24.59
2019,23,6.57,34.28,9.91,23.66
2019,24,6.57,34.28,9.91,23.66
2019,25,6.57,34.28,9.91,23.66
2019,26,6.5,34.08,9.86,23.58
2019,27,6.1,32.89,9.56,23.11
2019,28,6.1,32.89,9.56,23.11
2019,29,6.1,32.89,9.56,23.11
2019,30,6.1,32.89,9.56,23.11
2019,31,6.27,32.75,10.04,23.94
2019,32,6.34,32.69,10.23,24.27
2019,33,6.34,32.69,10.23,24.27
2019,34,6.34,32.69,10.23,24.27
2019,35,6.27,32.95,9.95,24.46
2019,36,6.09,33.6,9.28,24.93
2019,37,6.09,33.6,9.28,24.93
2019,38,6.09,33.6,9.28,24.93
2019,39,6.09,33.6,9.28,24.93
2019,40,5.99,33.01,9.27,24.83
2019,41,5.99,33.01,9.27,24.83
2019,42,5.99,33.01,9.27,24.83
2019,43,5.99,33.01,9.27,24.83
2019,44,6,33.01,10.34,24.86
2019,45,6.01,33,11.14,24.87
2019,46,6.01,33,11.14,24.87
2019,47,6.01,33,11.14,24.87
2019,48,5.95,33.04,10.26,25.25
2019,49,5.83,33.12,8.07,26.18
2019,50,5.83,33.12,8.07,26.18
2019,51,5.83,33.12,8.07,26.18
2019,52,5.83,33.12,8.07,26.18
2020,1,5.7,34.25,6.58,28.86
2020,2,5.7,34.25,6.58,28.86
2020,3,5.7,34.25,6.58,28.86
2020,4,5.7,34.25,6.58,28.86
2020,5,5.79,34.03,6.97,27.77
2020,6,5.86,33.87,7.25,26.94
2020,7,5.86,33.87,7.25,26.94
2020,8,5.86,33.87,7.25,26.94
2020,9,5.93,31.94,8.01,25.92
2020,10,6.01,29.37,9.02,24.55
2020,11,6.01,29.37,9.02,24.55
2020,12,6.01,29.37,9.02,24.55
2020,13,6.01,29.37,9.02,24.55
2020,14,5.76,26.24,7.66,24.37
2020,15,5.76,26.24,7.66,24.37
2020,16,5.76,26.24,7.66,24.37
2020,17,5.76,26.24,7.66,24.37
2020,18,5.58,26.7,6.65,24.71
2020,19,5.51,26.89,6.24,24.85
2020,20,5.51,26.89,6.24,24.85
2020,21,5.51,26.89,6.24,24.85
2020,22,5.35,27.07,6.73,26.46
2020,23,4.97,27.52,7.97,30.47
2020,24,4.97,27.52,7.97,30.47
2020,25,4.97,27.52,7.97,30.47
2020,26,4.97,27.52,7.97,30.47
2020,27,4.94,26.73,10.29,32.69
2020,28,4.94,26.73,10.29,32.69
2020,29,4.94,26.73,10.29,32.69
2020,30,4.94,26.73,10.29,32.69
2020,31,4.93,26.35,9.65,33.37
2020,32,4.93,26.07,9.17,33.88
2020,33,4.93,26.07,9.17,33.88
2020,34,4.93,26.07,9.17,33.88
2020,35,4.91,25.99,9.32,33.99
2020,36,4.85,25.53,10.2,34.62
2020,37,4.85,25.53,10.2,34.62
2020,38,4.85,25.53,10.2,34.62
2020,39,4.85,25.53,10.2,34.62
2020,40,4.95,25.86,8.79,34.9
2020,41,4.97,25.92,8.56,34.95
2020,42,4.97,25.92,8.56,34.95
2020,43,4.97,25.92,8.56,34.95
2020,44,5.02,25.61,8.83,35.17
2020,45,5.08,25.2,9.2,35.46
2020,46,5.08,25.2,9.2,35.46
2020,47,5.08,25.2,9.2,35.46
2020,48,5.11,25.25,9.07,35.73
2020,49,5.26,25.57,8.29,37.39
2020,50,5.26,25.57,8.29,37.39
2020,51,5.26,25.57,8.29,37.39
2020,52,5.26,25.57,8.29,37.39
2021,1,6.03,27.77,10.79,38.13
2021,2,6.03,27.77,10.79,38.13
2021,3,6.03,27.77,10.79,38.13
2021,4,6.03,27.77,10.79,38.13
2021,5,6.5,28.12,12.42,38.84
2021,6,6.85,28.39,13.64,39.37
2021,7,6.85,28.39,13.64,39.37
2021,8,6.85,28.39,10.27,40
2021,9,6.96,29.08,10.75,40
2021,10,7.05,29.61,11.06,39.75
2021,11,7.05,29.61,11.68,39.13
2021,12,7.05,29.61,12.25,39.13
2021,13,7.05,29.66,12.88,39.13
2021,14,7.02,30,13.27,39.13
2021,15,7.02,30,13.63,39.07
2021,16,7.02,30,13.66,39.07
2021,17,7.02,30,13.64,39.07
2021,18,7.31,31.23,13.65,39.07
2021,19,7.36,31.44,13.83,39.07
2021,20,7.36,31.44,14.13,39.07
2021,21,7.36,31.44,14.39,38.81
2021,22,7.72,31.94,14.71,37.15
2021,23,8.2,32.6,15.67,37.11
2021,24,8.2,32.6,15.73,37
2021,25,8.2,32.6,15.75,37.04
2021,26,8.35,32.66,15.73,37.07
2021,27,9.27,33.02,16.2,37.07
2021,28,9.27,33.02,16.85,36.92
2021,29,9.27,33.02,17.49,36.89
2021,30,9.27,33.02,17.58,37.94
2021,31,9.91,33.4,17.56,39.35
2021,32,10.16,33.55,17.42,41.88
2021,33,10.16,33.55,17.18,45.75
2021,34,10.16,33.55,16.84,46.58
2021,35,10.43,33.49,16.26,48.99
2021,36,11.1,33.34,15.23,49.37
2021,37,11.1,33.34,14.5,50.06
2021,38,11.1,33.34,13.84,51.44
2021,39,11.1,33.34,13.17,51.46
2021,40,12.05,35.12,12.2,51.46
2021,41,12.05,35.12,10.9,51.46
2021,42,12.05,35.12,9.66,51.46
2021,43,12.05,35.12,9.35,51.76
2021,44,13.29,36.65,9.01,52.32
2021,45,14.22,37.8,8.56,53.01
2021,46,14.22,37.8,8.33,54.48
2021,47,14.22,37.8,8.3,55.88
2021,48,13.51,37.58,8.15,58.61
2021,49,11.73,37.03,7.7,63.46
2021,50,11.73,37.03,7.59,65.34
2021,51,11.73,37.03,7.53,65.08
2021,52,11.73,37.03,7.25,65.01
2022,1,11.54,37.59,6.86,65.01
2022,2,11.54,37.59,6.66,65.01
2022,3,11.54,37.59,6.63,65.01
2022,4,11.54,37.59,6.99,65.63
2022,5,12.5,39.17,6.99,69.58
2022,6,13.22,40.35,6.89,73.15
2022,7,13.22,40.35,6.81,75.62
2022,8,13.22,40.35,6.67,79.87
2022,9,13.96,44.62,6.58,81.94
2022,10,14.52,47.82,6.83,81.5
2022,11,14.52,47.82,7.32,81.48
2022,12,14.52,47.82,7.9,81.39
2022,13,15.14,48.08,9.03,80.4
2022,14,18.86,49.65,10.46,78.76
2022,15,18.86,49.65,11.48,78.62
2022,16,18.86,49.65,12.33,78.52
2022,17,18.86,49.65,12.65,78.25
2022,18,19.38,55.26,13.66,78.02
2022,19,19.47,56.2,14.44,77.9
2022,20,19.47,56.2,15.27,77.71
2022,21,19.47,56.2,16.22,77.17
2022,22,20.55,58.32,17.22,76.97
2022,23,21.98,61.15,17.46,76.91
2022,24,21.98,61.15,17.07,76.91
2022,25,21.98,61.15,17.12,76.91
2022,26,21.93,61.48,17.16,76.94
2022,27,21.59,63.42,16.98,77.03
2022,28,21.59,63.42,16.38,76.96
2022,29,21.59,63.42,15.6,76.82
2022,30,21.59,63.42,15.02,76.73
2022,31,21.23,57.12,13.73,76.72
2022,32,21.08,54.6,12.5,76.81
2022,33,21.08,54.6,11.47,76.92
2022,34,21.08,54.6,10.52,77.44
2022,35,21.28,54.92,9.75,78.46
2022,36,21.75,55.72,9.24,79.44
2022,37,21.75,55.72,8.89,80
2022,38,21.75,55.72,8.43,80.34
2022,39,21.75,55.72,8.03,80.57
2022,40,23.25,56.94,7.77,80.77
2022,41,23.25,56.94,7.55,80.91
2022,42,23.25,56.94,7.39,81.37
2022,43,23.25,56.94,7.27,81.76
2022,44,21.4,57.15,7.32,82.09
2022,45,20.02,57.31,7.42,82.52
2022,46,20.02,57.31,7.52,82.82
2022,47,20.02,57.31,7.74,83.43
2022,48,18.06,55.55,7.55,83.77
2022,49,13.18,51.16,7.43,84.05
2022,50,13.18,51.16,7.42,84.05
2022,51,13.18,51.16,7.4,83.92
2022,52,13.18,51.16,7.17,83.9
2023,1,19.15,49.95,6.94,84.49
2023,2,19.15,49.95,6.71,85.1
2023,3,19.15,49.95,6.67,84.9
2023,4,19.15,49.95,6.82,84.91
2023,5,18.86,49.62,6.81,84.84
2023,6,18.64,49.38,6.7,84.6
2023,7,18.64,49.38,6.19,83.85
2023,8,18.64,49.38,5.97,82.11
2023,9,16.11,48.74,6.17,79.79
2023,10,14.2,48.25,6.61,73.3
2023,11,14.2,48.25,6.66,70.07
2023,12,14.2,48.25,6.83,68.54
2023,13,14.29,48,7.23,67.48
2023,14,14.8,46.47,7.4,67.18
2023,15,14.8,46.47,7.67,65.77
2023,16,14.8,46.47,7.65,65.15
2023,17,14.8,46.47,7.19,64.7
2023,18,14.08,43.56,6.96,65.1
2023,19,13.96,43.08,6.81,65.04
2023,20,13.96,43.08,7.19,64.05
2023,21,13.96,43.08,7.13,62.67
2023,22,13.85,42.61,6.95,61.52
2023,23,13.69,41.99,6.52,61.14
2023,24,13.69,41.99,6.25,60.41
2023,25,13.69,41.99,6.15,60.05
2023,26,13.36,42.09,5.92,59.75
2023,27,11.37,42.69,5.96,57.91
2023,28,11.37,42.69,6.04,56.32
2023,29,11.37,42.69,5.92,54.9
2023,30,11.37,42.69,6,53.39
2023,31,11.93,45.21,6.04,53.98
2023,32,12.15,46.22,6.04,54.89
2023,33,12.15,46.22,6,55.56
2023,34,12.15,46.22,6.12,56.84
2023,35,12.11,47.4,6.11,58.4
2023,36,12.01,50.34,6.24,60.1
2023,37,12.01,50.34,6.33,61.6
2023,38,12.01,50.34,6.4,62.8
2023,39,12.01,50.34,6.42,63.74
2023,40,13.23,51.48,6.44,64.12
2023,41,13.23,51.48,6.51,64.42
2023,42,13.23,51.48,6.83,65.43
2023,43,13.23,51.48,6.85,67.1
2023,44,12.56,50.43,6.97,67.58
2023,45,12.06,49.63,7.11,67.28
2023,46,12.06,49.63,7.26,67.99
2023,47,12.06,49.63,7.53,68.67
2023,48,11.98,48.52,7.75,69.24
2023,49,11.78,45.73,8.29,69.65
2023,50,11.78,45.73,8.82,69.78
2023,51,11.78,45.73,8.9,69.91
2023,52,11.78,45.73,9.19,70.12
2024,1,11.85,45.06,9.51,70.3
2024,2,11.85,45.06,9.73,70.63
2024,3,11.85,45.06,10.02,70.87
2024,4,11.85,45.06,10.47,70.93
2024,5,11.97,45.94,10.65,71.22
2024,6,12.06,46.6,10.79,71.51
2024,7,12.06,46.6,11.01,71.59
2024,8,12.06,46.6,11.18,71.47
2024,9,12.29,47.11,11.37,71.37
2024,10,12.6,47.8,11.56,70.84
2024,11,12.6,47.8,11.97,70.19
2024,12,12.6,47.8,12.46,69.03
2024,13,12.6,47.8,12.98,67.92
2024,14,12.99,48.3,13.54,67.8
2024,15,12.99,48.3,14.06,67
2024,16,12.99,48.3,14.36,66.87
2024,17,12.99,48.3,14.91,65.29
2024,18,12.56,47.81,15.75,64.5
2024,19,12.38,47.61,17.16,63.11
2024,20,12.38,47.61,18.69,62.37
2024,21,12.38,47.61,19.77,60.67
2024,22,12.35,46.81,20.89,59.23
2024,23,12.28,44.83,21.66,58.4
2024,24,12.28,44.83,22.54,56.87
2024,25,12.28,44.83,23.2,55.88
2024,26,12.28,44.83,23.89,54.84
2024,27,12.91,45.09,24.62,53.49
2024,28,12.91,45.09,25.6,52.49
2024,29,12.91,45.09,26.49,52.46
2024,30,12.91,45.09,27.22,52.15
2024,31,12.68,44.47,27.86,51.7
2024,32,12.52,44,28.9,51.72
2024,33,12.52,44,30.06,51.65
2024,34,12.52,44,30.68,51.77
2024,35,12.43,43.55,30.44,53.98
2024,36,11.89,40.8,28.78,55.64
2024,37,11.89,40.8,26.33,56.06
2024,38,11.89,40.8,23.63,57.13
2024,39,11.89,40.8,20.69,58.62
2024,40,12.45,40.06,18.47,59.04
2024,41,12.54,39.94,15.75,59.71
2024,42,12.54,39.94,13.18,60.28
2024,43,12.54,39.94,11.53,60.73
2024,44,12.44,40.35,10.16,61.64
2024,45,12.29,40.9,8.62,62.38
2024,46,12.29,40.9,6.67,62.64
2024,47,12.29,40.9,5.59,62.81
2024,48,12.26,41,5.23,63.43
2024,49,12.08,41.58,5.05,64.19
2024,50,12.08,41.58,4.99,64.37
2024,51,12.08,41.58,4.87,63.94
2024,52,12.08,41.58,4.79,62.85
2025,1,12.12,43.86,4.7,62.98
2025,2,12.12,43.86,4.77,62.96
2025,3,12.12,43.86,4.71,62.86
2025,4,12.12,43.86,4.98,62.88
2025,5,12.14,44.32,5.36,62.92
2025,6,12.15,44.66,5.53,62.92
2025,7,12.15,44.66,5.8,62.9
2025,8,12.15,44.66,6.17,62.85
2025,9,11.95,44.25,6.62,62.86
2025,10,11.8,43.94,7.63,62.8
2025,11,11.8,43.94,8.6,62.72
2025,12,11.8,43.94,9.72,62.29
2025,13,11.74,43.83,11.21,61.85
2025,14,11.37,43.18,12.97,61.36
2025,15,11.37,43.18,13.98,60.83
2025,16,11.37,43.18,15.09,60.33
2025,17,11.37,43.18,15.73,59.49
2025,18,11.33,41.69,16.36,58.86
2025,19,11.33,41.44,17,58.13
2025,20,11.33,41.44,17.34,57.3
2025,21,11.33,41.44,17.37,56.99
2025,22,10.86,41.03,17.2,56.45
2025,23,10.25,40.49,17.16,55.87
2025,24,10.25,40.49,17.09,55.46
2025,25,10.25,40.49,16.74,54.75
2025,26,10.28,40.65,16.04,54.31
2025,27,10.46,41.61,15.06,53.88
2025,28,10.46,41.61,14.52,53.92
2025,29,10.46,41.61,14.1,54.12
2025,30,10.46,41.61,13.83,54.46
2025,31,10.46,41.68,13.3,54.85
2025,32,10.46,41.7,12.9,55.45
2025,33,10.46,41.7,12.87,56.08
2025,34,10.46,41.7,13.54,56.55
2025,35,10.46,41.76,13.72,56.58
2025,36,10.46,41.91,13.71,56.79
2025,37,10.46,41.91,13.37,57.1
2025,38,10.46,41.91,13.19,57.17
2025,39,10.46,41.91,13.03,57.14
2025,40,11.47,42.44,12.98,57.13
2025,41,11.47,42.44,12.95,57.06
2025,42,11.47,42.44,12.9,56.94
2025,43,11.47,42.44,12.4,56.76
2025,44,11.47,43.38,11.97,56.65
2025,45,11.47,44.08,11.68,56.34
2025,46,11.47,44.08,11.17,56.06
2025,47,11.47,44.08,10.22,55.71
2025,48,11.29,42.52,9.52,55.19
2025,49,11.29,42.52,9.1,54.62
2025,50,11.29,42.52,8.9,53.56
2025,51,11.29,42.52,8.56,52.95
2025,52,11.29,42.52,11.73,58.11
2026,1,11.29,42.52,11.73,58.11
2026,2,11.29,42.52,11.73,58.11
2026,3,11.29,42.52,11.73,58.11
2026,4,11.29,42.52,11.73,58.11
2026,5,11.29,42.52,11.73,58.11
2026,6,11.29,42.52,11.73,58.11
2026,7,11.29,42.52,11.73,58.11
2026,8,11.29,42.52,11.73,58.11
2026,9,11.29,42.52,11.73,58.11
2026,10,11.29,42.52,11.73,58.11
2026,11,11.29,42.52,11.73,58.11
2026,12,11.29,42.52,11.73,58.11
2026,13,11.29,42.52,11.73,58.11
2026,14,11.29,42.52,11.73,58.11
2026,15,11.29,42.52,11.73,58.11
2026,16,11.29,42.52,11.73,58.11
2026,17,11.29,42.52,11.73,58.11
2026,18,11.29,42.52,11.73,58.11
2026,19,11.29,42.52,11.73,58.11
2026,20,11.29,42.52,11.73,58.11
2026,21,11.29,42.52,11.73,58.11
2026,22,11.29,42.52,11.73,58.11
2026,23,11.29,42.52,11.73,58.11
2026,24,11.29,42.52,11.73,58.11
2026,25,11.29,42.52,11.73,58.11
2026,26,11.29,42.52,11.73,58.11
2026,27,11.29,42.52,11.73,58.11
2026,28,11.29,42.52,11.73,58.11
2026,29,11.29,42.52,11.73,58.11
2026,30,11.29,42.52,11.73,58.11
2026,31,11.29,42.52,11.73,58.11
2026,32,11.29,42.52,11.73,58.11
2026,33,11.29,42.52,11.73,58.11
2026,34,11.29,42.52,11.73,58.11
2026,35,11.29,42.52,11.73,58.11
2026,36,11.29,42.52,11.73,58.11
2026,37,11.29,42.52,11.73,58.11
2026,38,11.29,42.52,11.73,58.11
2026,39,11.29,42.52,11.73,58.11
2026,40,11.29,42.52,11.73,58.11
2026,41,11.29,42.52,11.73,58.11
2026,42,11.29,42.52,11.73,58.11
2026,43,11.29,42.52,11.73,58.11
2026,44,11.29,42.52,11.73,58.11
2026,45,11.29,42.52,11.73,58.11
2026,46,11.29,42.52,11.73,58.11
2026,47,11.29,42.52,11.73,58.11
2026,48,11.29,42.52,11.73,58.11
2026,49,11.29,42.52,11.73,58.11
2026,50,11.29,42.52,11.73,58.11
2026,51,11.29,42.52,11.73,58.11
2026,52,11.29,42.52,11.73,58.11
